asset_class,classification_status,definition,return_model,capital_source,risk_type,liquidity_path,company_stage,founder_profile,industry_standard_signals,notes
UVC,asset_class,Traditional venture capital optimized for power-law returns and billion-dollar-plus outcomes.,Equity upside from a small number of fund-returning winners.,"VC funds, institutional LPs, angels, corporate venture, growth funds.","Company failure, market timing, follow-on financing, power-law concentration.","IPO, mega-acquisition, secondary sales, fund distributions.",Pre-seed through growth.,Hypergrowth founders pursuing large TAMs and venture-scale outcomes.,"Large TAM, rapid growth, repeated rounds, high ownership/dilution tolerance.","Included as the baseline comparison, not as the enemy."
SMV,emerging_asset_class_candidate,"Strategic Middle Ventures: tech-enabled companies with strategic acquisition, profitable-growth, or middle-outcome logic.","Middle-market acquisition, cash-flow growth, strategic buyer value, or targeted portfolio compounding.","Acquisition-first venture funds, micro-PE, SaaS acquirers, studios, family offices, strategic investors.","Strategic buyer fit, integration value, market concentration, durability of niche workflow ownership.","Strategic acquisition, PE/platform acquisition, dividend/earnings yield, secondary transactions.",Seed through mature private company.,Builders of real tech-enabled businesses that may not need or fit unicorn math.,"Vertical depth, customer density, proprietary workflows, capital efficiency, acquisition fit.",Primary first-wave research lane.
Patient Capital,asset_class_or_capital_strategy,Long-duration capital for companies designed to compound without a forced sale.,"Dividends, royalties, profit share, cash yield, permanent equity appreciation.","Evergreen funds, family offices, foundations, permanent capital vehicles, impact investors.","Lower liquidity, slower growth, governance alignment, operating durability.","Distributions, buybacks, long-duration holds, optional acquisition.",Revenue to mature private companies.,"Founders who value control, durability, profitability, and lower exit pressure.","No forced exit, cash-flow orientation, founder-friendly structures.",Can overlap with SMV and Portfolio Capital.
LMV,emerging_asset_class_candidate,Leveraged Micro Ventures: tiny AI/software-enabled teams creating outsized value with low capital needs.,"High revenue per employee, small exits, cash yield, small checks with high MOIC potential.","Indie funds, angels, accelerators, micro funds, grants, founder revenue.","Key-person risk, distribution risk, defensibility, platform dependency.","Small acquisition, profit distributions, founder buyback, revenue share.",Idea through profitable micro-company.,"Solo founders and tiny teams using automation, AI, and distribution leverage.","1-10 person teams, low burn, automation-heavy, revenue early.",Needs especially careful definition because evidence is emerging.
Sovereign Capital,source_of_capital_class,"Innovation capital deployed for national, regional, or strategic-interest reasons.","Financial return plus strategic, national, regional, security, or industrial-policy outcomes.","Sovereign wealth funds, government-backed funds, national development agencies.","Policy shift, geopolitical risk, mandate complexity, long-duration technology risk.","Strategic exits, public listings, fund distributions, national strategic value.",Seed through infrastructure-scale growth.,Founders in strategic sectors or regions aligned with national priorities.,"AI, defense, energy, semiconductors, climate, biotech, infrastructure, food security.","A capital-source class, not always a standalone company asset class."
Search/ETA,adjacent_asset_class,Entrepreneurship through acquisition: buying and operating an existing business.,"Equity value creation through acquisition, debt paydown, operational improvement, and exit or hold.","Search fund investors, acquisition debt, SBA-like debt, family offices, private investors.","Operator execution, acquisition quality, debt service, succession, concentration.","Resale, dividends, recapitalization, long hold.",Existing profitable companies.,Operators/searchers who acquire rather than start from zero.,"Search capital, acquisition entrepreneurship, operator-led ownership.",Distinct from VC and traditional PE because the operator is central.
Camel Modifier,modifier,"Capital-efficient, resilient, profitability-oriented operating philosophy.",Depends on the underlying asset class; reduces financing dependence and burn risk.,"Any source; usually fewer rounds, customer revenue, or small external capital.","Growth constraints, slower scaling, less winner-take-most upside.","Applies across acquisition, hold, profitability, and VC paths.",Any stage.,Resilient founders prioritizing survival and sustainability before scale.,"Lower burn, faster path to profitability, fewer rounds.",Not a standalone asset class unless a distinct vehicle model is proven.
Portfolio Capital,operating_model,"Studios, foundries, holding companies, or repeatable company-creation/acquisition platforms.","Portfolio-level equity, acquisition compounding, shared infrastructure leverage.","Studio funds, holding companies, PE, family offices, venture funds, corporate partners.","Platform execution, shared-services quality, portfolio concentration, talent allocation.","Portfolio exits, fund distributions, dividends, public holding company value.",Idea through mature acquisition portfolios.,Founders/operators who benefit from shared infrastructure or platform company creation.,"Repeatable creation/acquisition, shared operators, studio infrastructure.",Becomes an asset-class candidate only when investors underwrite the platform itself.
Instrument,instrument_family,"Financing structures used across asset classes, including revenue share, royalties, capped returns, and milestone tranches.","Contractual repayment, yield, cap, royalty, revenue share, or milestone-triggered economics.","Capital providers, lenders, funds, platforms, family offices, strategic financiers.","Revenue volatility, underwriting quality, covenant structure, repayment misalignment.","Repayment, yield, capped return, conversion, or contractual buyout.","Revenue-stage companies primarily, but varies by instrument.",Founders seeking capital without classic VC ownership or exit pressure.,"Non-dilutive, revenue-linked, capped, staged, royalty-based, or profit-linked terms.",Track instrument plus provider; instrument alone is not a firm.
