name,reason,website
Corl,dead domain (for-sale/redirect),https://corl.io/
Vitt,dead domain (for-sale/redirect),https://www.vitt.com/
Trilogy Search Partners,dead domain (for-sale/redirect),https://www.trilogysearch.com/
Investing,article/listicle non-entity,https://investing.io/indie-saas-investors
7 Actionable Bootstrapped SaaS Success Stories & Playbooks for 2025,article/listicle non-entity,https://saasoperations.com/bootstrapped-saas-success-stories
Private Equity Roll Up Strategy Explained- Allegrow,article/listicle non-entity,https://allegrow.com/private-equity-roll-up-strategy
Roll-Up Strategy 2026,article/listicle non-entity,https://ctacquisitions.com/roll-up-strategy-guide-2026
The Quiet Rise of Profitable Indie Hackers in 2026,article/listicle non-entity,https://upstartzen.com/quiet-rise-profitable-indie-hackers
Sponsored by Aha!,article/listicle non-entity,https://www.bootstrap.company/companies
Spire Capital,dead domain (for-sale/redirect),https://spirecap.com/
Indie Hacker Success Stories Database,article/listicle non-entity,https://www.mrrstory.com/stories
Startup Booted,article/listicle non-entity,https://www.startupbooted.com/companies-succeeded-bootstrapping
Steward Ownership,article/listicle non-entity,https://www.impactterms.org/steward-ownership
The Rise of Evergreen Fund Structures for Private Credit,article/listicle non-entity,https://channelcapital.io/evergreen-private-credit
ETA,article/listicle non-entity,https://www.searchfund.org/search
Solo Founder AI Tools,article/listicle non-entity,https://entrepreneurloop.com/solo-founder-ai-tools
