company_name,event_type,asset_bucket,pathway,claim,why_prioritized,source_url,source_type,source_quality,evidence_status,confidence_score,geography,sector,outcome_type,outcome_value,acquirer_or_investor,funding_path,founder_story_signal,notes,last_verified_at
Wingify,majority acquisition,SMV,bootstrapped;strategic_acquisition,"TechCrunch reported Everstone acquired a majority stake in bootstrapped Indian SaaS company Wingify for about $200M.","High-fit SMV proof: profitable bootstrapped SaaS, global customer base, PE/strategic middle outcome.",https://techcrunch.com/2025/01/23/everstone-acquires-bootstrapped-indian-startup-wingify-for-200m/,article,credible_press,verified_fact,94,India,marketing technology,majority acquisition,200M USD,Everstone,"reported as bootstrapped with no external funding since 2010","Founder-led bootstrapping and meaningful exit",Useful flagship SMV case; validate with company/filing source if available.,2026-05-22
ProfitWell,acquisition,SMV,bootstrapped;strategic_acquisition,"Paddle announced it acquired ProfitWell in a deal valued at over $200M in cash and equity.","High-fit SMV proof: SaaS analytics product acquired for strategic platform expansion.",https://www.paddle.com/recur/all/paddle-acquires-profitwell,company_announcement,primary,verified_fact,91,United States,SaaS analytics,acquisition,200M+ USD,Paddle,bootstrapped signal requires separate founder/source verification,"Founder story appears strong but needs source separation",Primary source verifies acquisition value; separate row should verify bootstrapping claim.,2026-05-22
SocialPilot,acquisition,SMV,bootstrapped;strategic_acquisition,"Mint reported SocialPilot, a bootstrapped social media management platform, was acquired by group.one in a roughly $50M exit.","High-fit SMV proof: lower-middle strategic SaaS exit and bootstrapped path.",https://www.livemint.com/companies/start-ups/bootstrapped-nation-socialpilot-jimit-bagadiya-groupone-zoho-zerodha-wingify-creative-glance-social-media-saas-facebook/amp-11752571905171.html,article,credible_press,candidate_evidence,84,India / Sweden,social media SaaS,acquisition,50M USD,group.one,reported bootstrapped,"Bootstrapped founder/frugality narrative",Validate against group.one or company announcement before paper use.,2026-05-22
Mailchimp,acquisition,Patient Capital,bootstrapped;strategic_acquisition;profitable_independent,"Intuit announced an agreement to acquire Mailchimp for approximately $12B in cash and stock.","Boundary case: beyond SMV outcome size, but crucial proof that non-VC paths can create massive company value.",https://investors.intuit.com/news-events/press-releases/detail/162/intuit-to-acquire-mailchimp,company_announcement,primary,verified_fact,88,United States,marketing automation,acquisition,12B USD,Intuit,bootstrapping requires separate source,"Long independent path before sale","Use as post-unicorn proof case, not core SMV due outcome size.",2026-05-22
GitHub,late VC round,UVC,delayed_vc,"InfoWorld reported GitHub received a $100M investment from Andreessen Horowitz in 2012 as its first outside investment.","Important delayed-VC example: company raised from strength after product/community traction.",https://www.infoworld.com/article/2289367/go-it-alone-no-more-github-gets-100-million-investment.html,article,credible_press,verified_fact,82,United States,developer tools,late VC round,100M USD,Andreessen Horowitz,first outside investment in 2012,"Delayed VC after strong developer adoption",Not an SMV outcome; use in delayed-VC pathway section.,2026-05-22
Qualtrics,first institutional round,UVC,delayed_vc;profitable_independent,"TechCrunch reported Qualtrics raised $70M in 2012 as its first institutional investment after being profitable since founding in 2002.","Strong delayed-VC proof: bootstrapped/profitable enterprise software company raised growth capital later.",https://techcrunch.com/2012/05/15/qualtrics-raises-70m-accel-sequoia/,article,credible_press,verified_fact,87,United States,enterprise software,late VC round,70M USD,Accel and Sequoia,first institutional investment after profitable bootstrapping,"Founder raised from strength after a decade",Outcome later exceeded SMV scale; useful as pathway proof.,2026-05-22
Calendly,growth round,LMV,delayed_vc;profitable_independent,"TechCrunch reported Calendly raised $350M in 2021, including secondary money, at a valuation above $3B.","Capital-efficient scale proof: product-led growth and late large financing with partial liquidity component.",https://techcrunch.com/2021/01/26/how-atlantas-calendly-turned-a-scheduling-nightmare-into-a-3b-startup/,article,credible_press,verified_fact,78,United States,scheduling software,growth financing,350M USD,OpenView and Iconiq,prior capital path needs separate verification,"Efficient product-led growth narrative","Use as delayed/efficient-growth case, not core SMV due valuation scale.",2026-05-22
Zapier,seed financing,UVC,delayed_vc;profitable_independent,"TechCrunch reported Zapier raised a $1.2M seed round in 2012 after Y Combinator.","Useful contrast case for small early capital and later capital-efficient growth.","https://techcrunch.com/2012/10/31/zapier-raises-1-2m-seed-round/",article,credible_press,verified_fact,70,United States,automation software,seed round,1.2M USD,Bessemer / DFJ / angels,small seed round,"Remote/product-led story needs separate evidence",Use carefully; minimal-outside-funding claims need stronger source.,2026-05-22
Basecamp,profitability-first company,Patient Capital,bootstrapped;profitable_independent,"Basecamp describes its Bootstrapped, Profitable, and Proud series as profiling companies with over $1M in revenues that did not take VC and are profitable.","Movement proof: canonical anti-hypergrowth/profitability-first software company and discourse source.",https://basecamp.com/bootstrapped,company_site,primary,verified_fact,80,United States,project management software,independent private company,not disclosed,none,bootstrapped/profitable,"Explicit pro-bootstrapping discourse",Use as discourse and patient-capital archetype; exact company financials need separate citations.,2026-05-22
FusionCharts,acquisition,SMV,bootstrapped;strategic_acquisition,"Idera announced it acquired FusionCharts, a JavaScript charting components company trusted by 800,000 developers and 28,000 companies.","Strong candidate SMV: developer-tool acquisition by software platform acquirer.",https://www.ideracorp.com/pressreleases/acquires-fusioncharts,company_announcement,primary,candidate_evidence,75,India / United States,developer tools,acquisition,not disclosed,Idera,bootstrapping requires separate source,"Founder-led bootstrapping story requires separate evidence",Primary source verifies acquisition; bootstrapped tag needs validation.,2026-05-22
Habu,acquisition,Portfolio Capital,portfolio_studio;strategic_acquisition,"LiveRamp announced it agreed to acquire Habu for approximately $200M in cash and stock.","Useful portfolio/studio proof: data collaboration company exited via strategic acquisition in SMV range.",https://investors.liveramp.com/news-releases/news-release-details/liveramp-acquire-habu-accelerate-power-data-collaboration/,company_announcement,primary,verified_fact,78,United States,data collaboration,acquisition,200M USD,LiveRamp,studio/funding path needs separate source,"Strategic acquisition rationale is explicit",Use in venture-studio/portfolio-capital section after verifying origin/funding path.,2026-05-22
Cloudinary,profitable scale,Patient Capital,bootstrapped;profitable_independent;delayed_vc,"Bessemer described Cloudinary as a company that bootstrapped to $100M ARR and later reached a $2B valuation based on a secondary transaction.","High-value proof of middle path between bootstrapping and classic VC.",https://www.bvp.com/atlas/bootstrapping-to-100-million-arr-cloudinary/,investor_analysis,credible_press,verified_fact,82,Israel / United States,developer infrastructure,private secondary valuation,2B USD,secondary transaction,bootstrapped to scale,"Founder choice in capital strategy",Investor-written source; verify with company or transaction source before central paper claims.,2026-05-22
Netcore Cloud,profitable scale,Patient Capital,bootstrapped;profitable_independent,"Netcore published a story describing its path as a bootstrapped $100M ARR SaaS company.","Global patient-capital/proficorn proof outside Silicon Valley.",https://netcorecloud.com/blog/bootstrapping-a-100-million-arr-saas-company-the-netcore-story/,company_site,primary,verified_fact,78,India,marketing technology,profitable independent scale,100M ARR,none,bootstrapped,"Company frames itself as proficorn",Company-authored source; corroborate before using as independent proof.,2026-05-22
Assurance IQ,acquisition,SMV,bootstrapped;strategic_acquisition;profitable_independent,"GeekWire reported Assurance IQ bootstrapped to profitability and agreed to be acquired by Prudential for $2.35B.","Boundary case: too large for SMV range, but strong proof of bootstrapped strategic acquisition path.",https://www.geekwire.com/2019/stealthy-insurance-tech-startup-bootstrapped-way-2-35b-acquisition-less-4-years/,article,credible_press,verified_fact,80,United States,insurtech,acquisition,2.35B USD,Prudential,reported bootstrapped,"Stealth/profitability-first path","Use as upper-bound post-unicorn case, not core SMV due size.",2026-05-22
ExtraHop,acquisition,SMV,strategic_acquisition,"TechCrunch reported Bain Capital Private Equity and Crosspoint Capital acquired ExtraHop for $900M.","Useful middle/upper private-company acquisition proof with strategic cybersecurity rationale.",https://techcrunch.com/2021/06/08/network-security-startup-extrahop-skips-and-jumps-to-900m-exit/,article,credible_press,verified_fact,70,United States,cybersecurity,acquisition,900M USD,Bain Capital PE and Crosspoint Capital,venture-backed / needs detail,"ARR and PE exit dynamics",Not a non-VC case; include only as acquisition/liquidity/pathway comparator.,2026-05-22
Appfire,growth investment,SMV,delayed_vc;strategic_acquisition,"TechCrunch reported Appfire was bootstrapped until receiving $49M from Silversmith in 2020 and later raised $100M to continue acquisitions.","Good ecosystem proof: bootstrapped software company becomes acquisition platform in the Atlassian ecosystem.",https://techcrunch.com/2021/03/16/appfire-provider-of-atlassian-apps-raises-100m-to-continue-its-buying-spree/,article,credible_press,verified_fact,78,United States,Atlassian ecosystem software,growth financing,100M USD,TA Associates / Silversmith context,bootstrapped until growth investment,"Platform/acquirer evolution","Use as bridge between SMV, portfolio capital, and software rollups.",2026-05-22
Baremetrics,acquisition,SMV,strategic_acquisition;unknown_candidate,"They Got Acquired reported Xenon Partners acquired Baremetrics for $4M in cash.","Lower-end acquisition evidence showing real non-unicorn software exits and investor-return complexity.",https://theygotacquired.com/saas/baremetrics-acquired-by-xenon-partners/,article,credible_press,candidate_evidence,64,United States,SaaS analytics,acquisition,4M USD,Xenon Partners,funding path needs verification,"Founder transparency around small exit",Below preferred SMV range but useful for market breadth and cautionary detail.,2026-05-22
Drip,acquisition,SMV,bootstrapped;strategic_acquisition,"Startup Founder Stories describes Drip as bootstrapped to acquisition by Leadpages.","Candidate founder-story proof of bootstrapped SaaS acquisition.",https://startupfounderstories.com/stories/rob-walling-drip-bootstrapped-acquisition,founder_story,discourse,candidate_evidence,60,United States,email marketing SaaS,acquisition,not disclosed,Leadpages,reported bootstrapped,"Founder story through Rob Walling",Needs primary or credible press before paper use.,2026-05-22
Grasshopper,acquisition,SMV,strategic_acquisition;profitable_independent,"Public profiles report Grasshopper Group was acquired by Citrix for $170M in 2015.","Candidate classic bootstrapped/profitable strategic acquisition case; needs primary sourcing.",https://en.wikipedia.org/wiki/David_Hauser,profile,database_seed,needs_verification,45,United States,business communications,acquisition,170M USD,Citrix,bootstrapping requires verification,"Founder/operator story likely relevant",Retain in candidate queue until primary/press source found.,2026-05-22
