fund_id,name,niche,admitted_via,self_id_quote,evidence_url,hand_verified,status,discovered_round,notes,target_economy
permanent-equity,Permanent Equity,permanent-capital,self_id,We invest with no intention of selling (and have never sold a portfolio company).,https://www.permanentequity.com/,YES,verified,batch1,Hand-verified by operator (quote present with surrounding context). 30-year funds; explicit no-flip / no-forced-exit thesis. Allocator: own-capital PE.,mixed
enduring-ventures,Enduring Ventures,permanent-capital,self_id,"We're different from most VC and PE firms in that we operate the businesses we own for sustainability, and not growth at all-costs.",https://www.enduring.ventures/about,YES,verified,batch1,"Hand-verified. Correct site is enduring.ventures (enduringventures.com has a TLS cert error). Permanent-capital control-buyer; also says no 3-5yr exit mandate, won't flip.",mixed
purpose-ventures,Purpose Ventures,steward-ownership,self_id,"Our terms allow companies to stay independent, provide investors liquidity without a sale or exit, and build impactful companies.",https://purpose-economy.org/en/investment/,YES,verified,batch1,Hand-verified (this exact line confirmed on page; differs from the agent's original quote). Steward-ownership investor; liquidity without sale/exit.,mixed
bigfoot-capital,Bigfoot Capital,non-dilutive SaaS lender,self_id,"We started Bigfoot in 2017 to push back against what we viewed to be an overly pervasive and often reckless format for building and capitalizing software businesses, that of growth at all costs and the associated hyperfunding to pursue it.",https://bigfootcap.com/,YES,verified,batch1,"CONVERTED pending->verified 2026-06-03: Exa raw-markdown fetch of bigfootcap.com homepage now returns full body text carrying the verbatim model-rejection quote (prior pending was a fetch limitation, not a content problem). Allocator: deploys $1-5M committed multi-draw term-loan facilities (no warrants, '0% cap table taken') into established B2B software; 'We're in your boat, not on your cap table.' Explicit rejection of 'growth at all costs and the associated hyperfunding.' Strict self_id.",tech
banyan-software,Banyan Software,buy-and-hold software,self_id,We don't resell your business down the road.,https://www.banyansoftware.com/about,YES,verified,batch2,Hand-verified by operator (quote verbatim under 'Our philosophy'). Buy-and-hold-for-life = explicit rejection of the exit/flip model. Allocator: acquires and holds software businesses. [QUOTE UPGRADED 2026-06-03 to on-page name-and-reject; founder story rejects firms that 'resell the business a few years down the road'; also 'With no need or desire to sell our businesses down the road.'],tech
calm-capital,Calm Capital,holdco (founder-led & family businesses),self_id,"Not in the ""hair on fire,"" ""growth at all costs,"" or ""buy and flip"" way, but the principled, patient, and persistent way... The Calm Capital way.",https://www.calmcapital.com/,YES,verified,batch3,"Hand-verified on Exa raw markdown of homepage. Explicit rejection of 'growth at all costs' and 'buy and flip' in favor of 'principled, patient, and persistent.' Allocator: private partnership acquiring founder-led/family-controlled businesses (holdco).",mixed
big-band-software,Big Band Software,buy-and-hold software,self_id,"we buy and run companies without pressure to quickly extract or flip. In an industry addicted to quick wins, we chase enduring value.",https://www.bigbandsoftware.com/,YES,verified,batch3,"Hand-verified on Exa raw markdown of homepage. Also: 'Unlike the private equity model, we only buy companies we want to run long term.' Explicit extract/flip-model rejection. Allocator: acquires & runs B2B SaaS ($1-10M ARR); backed by ParkerGale, Talisman, Dan Martell.",tech
everhold,Everhold,permanent-capital holdco (small B2B),self_id,to acquire exceptional small businesses and hold them forever. We're not a private equity firm.,https://www.everhold.com/,YES,verified,batch3,"Hand-verified on Exa raw markdown of homepage. Explicit no-PE / hold-forever / no-exit self-ID ('without ever selling them'; 'permanent capital ... without pressure to exit'). Allocator: private holdco, full buyouts of US founder-led B2B ($500K-2M EBITDA). NASCENT: evaluating first acquisitions (mandate genuine; no closed deals yet).",mixed
evergreen-services-group,Evergreen Services Group,buy-and-hold-forever holdco (tech services/MSP),self_id,"As a permanent owner, we are a true home for the companies we partner with, preserving what has made each business great while accelerating long-term growth.",https://www.evergreensg.com/,YES,verified,batch3,"[PROMOTED 2026-06-03 in_disguise->self_id: structural-permanence broadening per user; mechanism=permanent-owner buy-and-hold acquirer (MSPs)] [DEMOTED 2026-06-03 strict->in_disguise: uniform name-and-reject re-audit. 'Permanent owner / true home' asserted; FAQ reveals Alpine Investors committed-capital (fund-like); PE-contrast is culture/employee-retention, not no-flip/no-exit. Allocator; reversible.] Hand-verified on Exa raw markdown of homepage ('A Permanent Home for Businesses'; 'Unlike other private equity firms ...'). Press-corroborated: 'We are never selling the businesses that we buy ... no grand exit strategy' (CRN/ChannelE2E). Berkshire/Constellation-model MSP holdco, 80+ companies; backed by Alpine Investors committed capital.",tech
purpose-evergreen-capital,Purpose Evergreen Capital,steward-ownership evergreen fund (SME),self_id,Purpose Evergreen Capital is an evergreen investment fund without pressure to force an exit.,https://purpose-economy.org/en/pec/,YES,verified,batch3,"Hand-verified on Exa raw markdown. Explicit anti-power-law: 'investor return rate is capped at a maximum rate'; 'investments ... that do not follow the short-term-oriented logic of the capital market'; 'a world that is not dominated by profit-at-all-cost entities.' Allocator: equity/subordinated loans EUR0.5-5M to SMEs in/transitioning to steward-ownership; ~EUR30M from ~20 investors. Sibling of Purpose Ventures (Purpose Group, Hamburg).",mixed
inversion-capital,Inversion Capital,permanent-capital holdco (fintech-modernized),self_id,We raised permanent capital. No fund. No timeline. No mandate to sell. The only way we make money is if the business does well for a very long time.,https://www.inversioncap.com/,YES,verified,batch3,"Hand-verified on Exa raw markdown of homepage. Explicit fund-clock/exit rejection ('No fund. No timeline. No mandate to sell'; 'we own them forever'; 'we dont replace your team or flip your company'). Allocator: buys majority of profitable businesses ($1M+ EBITDA), modernizes financial infrastructure. CONTEXT (transparency): VC-seeded ($26.5M; Dragonfly/VanEck/ParaFi), crypto/blockchain-adjacent, Berkshire-style holdco; nascent. Nearly false-rejected on news framing - on-page self-ID is genuine.",mixed
everroost,Everroost,long-term software acquirer (AI-native),self_id,"We don't strip and flip - we invest, improve, and operate for the long term.",https://everroost.com/,YES,verified,batch3-bonus,"Hand-verified on Exa raw markdown of homepage. Bonus net-new discovery (surfaced alongside Everhold search). Explicit anti-strip-and-flip + 'We buy to keep.' Allocator: acquires apps/SaaS from founders (12+ products, 96% retention); AI-native operating tools. Nascent/early-stage.",tech
curious,Curious (Curious Holdings),permanent-capital software holdco,self_id,"We're focused on legacy, resilience, and continuous reinvention, not raising additional funds or future exits.",https://www.curiousholdings.com/,YES,verified,batch3,"Hand-verified via Exa page extract (curiousholdings.com homepage + /approach + 2025 shareholder letter). Explicit fund-clock/exit rejection ('not raising additional funds or future exits'; 'long-term holding company'; 'a long term home for startups that get abandoned by VCs'). Allocator: acquires software cos ($0.5-5M ARR; 5 companies, $10M+ ARR, profitable). Seattle; Andrew Dumont (ex-Curious Capital); raised $16M as permanent-capital holdco.",tech
malpani-ventures,Malpani Ventures,patient-capital VC (India),self_id,"It means we don't have a forced exit clause in our term sheets. It means when we talk to a founder about the next five years, we're actually thinking about the next fifteen.",https://www.malpaniventures.com/blog/a-quiet-reorientation,YES,verified,batch4,"Hand-verified on Exa raw markdown of the firm's own /blog/a-quiet-reorientation thesis page. Explicit model-rejection: 'no forced exit clause in our term sheets'; rejects 'Growth-at-all-costs mandate, Fund lifecycle clock... pressure to flip the business'; on VC's power law ('a fund needs its one or two outliers to return the entire fund') says 'We're happy to let others chase them.' Allocator: equity investor in Indian companies (early investment IKS Healthcare IPO'd after 15 yrs of patient capital). Patient Capital / permanent-ownership VC; India. Diversity: regional patient-capital VC, not a buy-and-hold holdco.",tech
hasan-vc,HASAN.VC,camel VC (Southeast Asia / Islamic VC),self_id,HASAN.VC prioritizes the cultivation of Camel startups over the pursuit of speculative Unicorns.,https://hasan.vc/shariah-compliant-investing-in-start-ups-with-the-camel-framework/,YES,verified,batch4,"Hand-verified on Exa raw markdown of hasan.vc's own Camel-Framework essay + /camel-manifesto. Explicit open-camel self-ID (like the Gorilla anchor); also 'we however prefer a more balanced and sustainable approach' vs Unicorns, framing the unicorn path as 'growth at all cost.' Allocator: people-powered/angel-collective VC, 'our Fund 1 targets to invest in 40 to 50 startups.' SE Asia (Malaysia; Umar Munshi / Ethis Group); Shariah-aligned. NASCENT (launched 2024; angel-syndicate structure). Diversity: regional camel-VC, not a holdco.",tech
buyback-ventures,BuyBack Ventures,reverse-venture / redeemable-equity (US),self_id,"In traditional venture capital, you have to give up ownership as you grow. With Buyback Ventures, use your profits to buy back your equity and own more of your company as you grow.",https://buyback.vc/,YES,verified,batch4,"Hand-verified on Exa raw markdown of buyback.vc homepage (own site). On-page header 'The Traditional VC Model is Broken'; rejects the dilution + 'growing fast or failing fast' model; explicitly excludes 'Startups planning to raise Venture Capital.' Allocator: invests $50K-$500K into bootstrapped LLCs via redeemable equity (founders buy back to own up to 98%; return capped 1-5x + 2-5% residual). Distinct instrument = archetype diversity (not holdco/RBF-lender/steward/camel-VC). NASCENT (2025 first cohort; co-investment vehicle of Keshif Ventures + Crescent Ridge Partners, San Diego; Andy White & Maria Gonzalez-Blanch). US-only, Delaware LLCs.",tech
lasting-ventures-capital,Lasting Ventures Capital,distribution-based / anti-VC-path (Brazil),self_id,"Não buscamos venda futura. Nossa remuneração vem da distribuição de resultados da operação, junto aos fundadores e time, alinhando nossos interesses com o crescimento sustentável do seu negócio.",https://lastingventures.capital/,YES,verified,batch4,"Hand-verified on Exa raw markdown of lastingventures.capital homepage (own site, Portuguese). Translation: 'We do not seek a future sale. Our compensation comes from the distribution of the operation results, alongside the founders and team, aligning our interests with the sustainable growth of your business.' Also: invests in B2B enterprise cos that 'desejam sair do caminho de Venture Capital' (want to leave the VC path); section header 'Sem Pressao de Exit' (No Exit Pressure); seeks a long-term partner 'nao apenas um investimento para saida rapida' (not just a quick-exit investment). Allocator: 20-40% minority stakes, target R$10-20MM revenue, converts startups into cash-generating tech cos. Sao Paulo, Brazil. Diversity: LatAm, distribution/profit-based, explicitly anti-VC-path (not a holdco).",mixed
flying-founders,Flying Founders,buy-and-hold SaaS holdco (EU / Slovakia),self_id,"Hold long-term, focus on profitable growth and dividends, no pressure to raise or exit.",https://www.flyingfounders.com/,YES,verified,batch4,"Hand-verified on Exa raw markdown of flyingfounders.com homepage (own site). Also on-page: founders seeking 'a hands-on partner for the next phase of profitable growth... Not a VC.' Press corroboration (Czech): 'misto nahanenia miliardovych jednorozcov' = instead of chasing billion-dollar unicorns, build long-term healthy profitable businesses. Allocator: invests EUR100k-600k (growth capital and/or buyout) into SaaS at EUR100k-2m ARR; portfolio of 5-10; holds for dividends. Founders Michal Truban & Zdenko Zvada (Slovakia). Diversity: adds EU geography (archetype = buy-and-hold holdco, saturated). Note: also offers exit-prep for founders who want to sell (often to Flying Founders as the buy-and-hold home).",tech
next-wave-partners,Next Wave Partners,venture studio + Safer (revenue-repurchase) (US),self_id,The power law logic of venture capital has reached its breaking point.,https://nextwave.partners/building-forever-businesses/,YES,verified,batch4,"Hand-verified on Exa raw markdown of nextwave.partners/building-forever-businesses + /safer. Explicit power-law/unicorn rejection: 'a model that demands 100 failures for every one unicorn'; 'graveyard of unicorn carcasses'; 'Companies should be built to last, not liquidated at the convenience of fund cycles.' Allocator: venture studio deploying capital via the Safer instrument (Simple Agreement for Future Equity with Repurchase = revenue-based repurchase, 'no exit required'; founders keep control and buy back equity). Diversity: distinct instrument/structure (studio + Safer), not a holdco. NASCENT (Reg 506(c); clusters in climate / applied-AI / infrastructure).",tech
rainmatter,Rainmatter (by Zerodha),perennial / evergreen own-capital investor (India),self_id,Patient capital with no exit mandates that founders can benefit from when building an enterprise.,https://zerodha.com/z-connect/rainmatter/rainmatter-perennial-investments,YES,verified,batch4,"Hand-verified on Exa raw markdown of Zerodha's official Rainmatter announcement (Z-Connect, Nithin Kamath) + rainmatter.com. Explicit evergreen/no-exit: 'a perennial structure or with the ability to stay invested forever'; 'Patient capital with no exit mandates'; own site says they are 'patient long-term investors and aren't in it for quick exits' (never thought of themselves as a fund). Allocator: Zerodha's own-capital investment arm, ~Rs400Cr across 80+ startups (fintech/health/climate/media); Rs50L-Rs100Cr checks, NO board seats, minority stakes; profits reinvested into Rainmatter Foundation ($200M). India. Diversity: corporate evergreen 'perennial' own-capital giving-forward investor, not a holdco or typical VC. [QUOTE UPGRADED 2026-06-03 to on-page name-and-reject; also 'without pressure to grow quickly'; perennial own-capital structure.]",tech
five19-holdings,Five19 Holdings,committed-capital permanent buyer (Canada),self_id,We are not private equity. We acquire businesses to operate and grow them for the long term — not to pursue short-term transactions or quick exits.,https://five19holdings.com/,YES,pending_verification,batch4,"HELD pending first acquisition - allocator test (deploys capital INTO companies) not yet met: zero deals closed; the self-ID quote IS hand-verified but Five19 is a pre-deal search vehicle, not yet a confirmed allocator. Hand-verified on Exa raw markdown of five19holdings.com homepage. Also: 'Not to flip it... run it for the long term'; 'No fund timelines - We are not a fund. There is no deadline, no outside pressure, and no plan to sell.' Allocator: committed-capital buyer (own balance sheets) acquiring one Canadian business (manufacturing/distribution/industrial, $1.5-5M EBITDA); Curtis McGrath CPA, Guelph ON. CANADA. NASCENT: single-acquisition searcher, pre-first-deal (committed capital ready, no deal closed yet).",unclear
bridges-evergreen,Bridges Evergreen Holdings,evergreen permanent-capital holdco (UK impact),self_id,"It is structured as a holding company rather than a fund so it can provide ongoing support over the long term, with no exit requirement.",https://www.bridgesfundmanagement.com/2016/12/07/bridges-launches-new-evergreen-permanent-capital-vehicle-mission-led-businesses/,YES,verified,batch4,"Hand-verified on Exa raw markdown of Bridges Fund Management's own launch announcement. Also: 'With no requirement to seek exits, it can act as a permanent source of capital and support'; 'a new permanent capital vehicle.' Allocator: makes equity/quasi-equity investments in profit-with-purpose cos, public-sector spin-outs, social-sector orgs, employee-owned businesses (launched 2016 with GBP23m; Big Society Capital cornerstone). UK. Like the admitted Purpose Evergreen, an impact/mission-led vehicle whose STRUCTURAL self-ID (holding company not a fund, no exit requirement) clears the gate. CAVEAT: evidence is the 2016 launch announcement on Bridges' own domain - Bridges is a large active impact manager; reconfirm current Evergreen vehicle status before paper use.",mixed
camel-ventures-egypt,Camel Ventures,camel-VC / venture debt (Egypt fintech) [IN-DISGUISE],in_disguise,"We believe in Camels (not only potential Unicorns) – the embodiment of the characteristics we look for, and nurture, in our partners - the startups.",https://www.camel.ventures/,YES,verified,batch4-disguise,"IN-DISGUISE (Tier 2, S1 camel-vocabulary). Hand-verified on Exa raw markdown of camel.ventures homepage. Adopts the camel framing but keeps unicorns in scope ('not only potential Unicorns') = textbook in-disguise / not_outright_anti_unicorn. Allocator: first FRA-licensed Egyptian fintech-focused VC + venture debt company; 10+ investments, EGP 500M+ AUM; backed by dfin Holding & Al Ahly Capital. Egypt/MENA, Africa/Asia expansion. Per user 2026-06-03: keep - adopts camels as the new wave even though it doesn't exclude unicorns.",tech
pemba-capital,Pemba Capital Partners,camel-thesis PE buyout (Australia) [IN-DISGUISE],in_disguise,"Instead of the unicorn, the camel is the more fitting mascot for what we look for.",https://pemba.com.au/hunt-camels-rather-than-unicorns/,YES,verified,batch4-disguise,"IN-DISGUISE (Tier 2, S1 camel-vocabulary + S2 deal profile). Hand-verified on Exa raw markdown of pemba.com.au. Also: 'we typically back founder-owned tech businesses that have been bootstrapped... profitable and usually cash generative.' DISGUISE: a PE buyout firm that PURSUES EXITS (touts helping camels achieve 'ASX listings... transformational acquisitions') - not outright anti-unicorn, but explicit camel-thesis + bootstrapped-profitable deal profile. Australia. Per user 2026-06-03: include with in-disguise flag (high camel talk; candidate that may be in the industry in disguise). || REAUDIT-FLAG: main page = standard Australian mid-market PE ($2b funds, 'liquidity for shareholders', 200+ buy&build). Admitted off a one-off 'hunt camels rather than unicorns' BLOG, not firm positioning. Likely false-positive - re-review.",tech
buentrip-ventures,BuenTrip Ventures,camel-thesis / capital-efficiency VC (LatAm) [IN-DISGUISE],in_disguise,We seek founders who can achieve outsized results with limited capital by focusing on profitability and efficient scaling.,https://www.buentrip.vc/blog/navigatingventurecapital,YES,verified,batch4-disguise,"IN-DISGUISE (Tier 2, S1 camel-vocabulary + S2 capital-efficiency thesis). Hand-verified on Exa raw markdown of buentrip.vc/blog. Also verbatim: 'Successful startups in Latin America often resemble Camels rather than Unicorns. They prioritize sustainable growth and operate with discipline and resourcefulness'; rejects the 'growth at all costs' approach. DISGUISE: still pursues early-ownership/compounding returns + liquidity (LatAm VC, 10yr; portfolio AltScore/Picker/Mercately/Kriptos) - not outright anti-unicorn. Ecuador/LatAm. Per user 2026-06-03: add as flagged in-disguise entity.",mixed
startup-ignition-ventures,Startup Ignition Ventures,revenue-first pre-seed fund (US / Utah) [IN-DISGUISE],self_id,"Elephants, Not Unicorns. [Other VCs] Chase unicorns. Celebrate fundraises. Subtly market the old trophy-hunting, growth-at-all-costs model. [SIV] Capital-efficient businesses. Validated models. Sustainable profitability. We back companies built to last - not just to raise the next round.",https://www.startupignition.com/ventures/,YES,verified,batch4-disguise,"IN-DISGUISE (Tier 2, S3 revenue-first thesis + Ethan provenance). Hand-verified on Exa raw markdown of startupignition.com/ventures + /about. Approach: 'Drive to revenue, not the next round of financing. Get profitable and self-sufficient as quickly as possible. Raise capital when it's earned, not when it's available'; backs 'Capital-efficient businesses... Sustainable profitability.' ALLOCATOR TEST PASSED: a real $20M pre-seed venture fund ($100K-1M first checks), distinct from its bootcamp / AI ToolSuite ecosystem. DISGUISE: not anti-unicorn (touts portfolio 'unicorn' outcomes); Ethan flags it a hidden SMV. Utah/USA; John & Tyler Richards. Per user 2026-06-03: add (Ethan thinks hidden-in-disguise SMV). | 2026-06-06 UPGRADE in_disguise->self_id (operator-directed, Ethan): on-page 'Elephants, Not Unicorns' anti-unicorn self-ID on /ventures (Ethan: 'sometimes it is a bit hidden but it is there'). Ethan classifies SMV (success = $250-500M acquisitions).",tech
sts-ventures,STS Ventures,camel-branded capital-efficiency VC (DACH) [IN-DISGUISE],in_disguise,"Sure, like most VCs, we welcome unicorn start-ups with hockey stick growth. But, we really love start-ups that achieve capital-efficient, sustainable growth.",https://sts-ventures.de/portfolio/,YES,verified,batch4-disguise,"IN-DISGUISE (Tier 2, S1 camel branding + S2 capital-efficiency preference). Hand-verified on Exa raw markdown of sts-ventures.de/portfolio. The 'welcome unicorns... BUT really love capital-efficient sustainable growth' line is the textbook in-disguise marker. Camel branding (S1) documented: STS is widely known as a 'camel startup' investor (foundersleague.de 'Fokus auf Camel Start-Ups'; startuprad.io 'STS Ventures camel playbook'; own 'camels not unicorns' essay on a draft /founders/blog-test page). Allocator: DACH pre-seed/seed VC, 60+ startups (Stephan Schubert, Cologne); exit-heavy portfolio (EQT/Amazon/Spotify) = genuinely in-disguise, not anti-unicorn. Per user 2026-06-03 gate expansion.",mixed
saasholic,SaaSholic,capital-efficiency LatAm SaaS VC [IN-DISGUISE],in_disguise,"Capital efficiency beats hyper-growth. Because in Latam, every dollar matters and competition is thinner. Lower CACs let distribution be won with limited burn; ROI beats growth at all costs.",https://blog.saasholic.com/p/doing-it-wrong-again-saasholics-next,YES,verified,batch4-disguise,"IN-DISGUISE (Tier 2, S2/S3 capital-efficiency thesis). Hand-verified on Exa raw markdown of blog.saasholic.com (own Substack). Also: 'We're not like other VCs'; 'A global exit is the upside case, not the underwriting assumption'; 'Champion capital efficiency. Every dollar matters.' DISGUISE: pursues Nasdaq/US exits + AI-native high-growth and discusses unicorn outcomes - not anti-unicorn, but explicit capital-efficiency-over-hypergrowth thesis. Allocator: LatAm SaaS VC, 2 funds, leads pre-seed/seed rounds + studio (Diego Gomes / William Cordeiro). Brazil/LatAm.",tech
concepts-io,Concepts.io,permanent-capital holdco (US software/services/infra),self_id,We acquire with the intent to hold indefinitely. We are not building a portfolio to flip.,https://concepts.io/,YES,verified,batch5,"Hand-verified on Exa raw markdown of concepts.io homepage. Also: 'No exit pressure - only durable returns'; 'No Venture Capital'; 'Most companies are built to be sold. Ours are built to operate - indefinitely, profitably.' Allocator: holding company (est 2015, NJ S-Corp, $0 outside capital) acquiring profitable founder-led B2B businesses ($500K-5M earnings, EBITDA+ 24mo), 6 operating units. Operator-led, hold-forever. Tier 1 strict.",mixed
long-tail-ventures,Long Tail Ventures,permanent-hold online-business acquirer (US),self_id,"We acquire businesses to operate them, not to flip them. If an exceptional exit opportunity arises, we may pursue it — but exits are optional, not required.",https://ltv.so/,YES,verified,batch5,"Hand-verified on Exa raw markdown of ltv.so homepage. Also: 'not a typical private equity fund. We don't operate under fixed fund timelines, forced exits, or pressure to manufacture liquidity'; 'No forced exits, no artificial timelines.' Allocator: holding company acquiring profitable online/internet businesses (10+ acquired; asset-backed, deal-by-deal capital). Operators not flippers. Tier 1 strict (no forced exits).",tech
evermore-ventures,Evermore,buy-and-hold software acquirer (forever),self_id,We buy founder-led software companies and grow them forever.,https://evermore-ventures.com/,YES,verified,batch5,"Hand-verified on Exa raw markdown of evermore-ventures.com homepage. Explicit contrast table: Evermore 'Build with a long-term mindset' vs Private Equity 'Flip your company in 3-5 years'; 'People > Profits.' Allocator: acquires founder-led software companies (10+ yrs, 90%+ retention, modest growth/healthy margins) to hold for decades (Danny & Scott; e.g. Software4Nonprofits, Quipu, Scaura). Tier 1 strict (grow forever vs flip). [STRICT CONFIRMED 2026-06-03 via on-page comparison table: 'Evermore: build with a long-term mindset' vs 'Private Equity Firms: Flip your company in 3-5 years'; criteria 'A path to build up, not strip down.' Names+rejects the PE-flip model.]",tech
sidenote,Sidenote,micro-SaaS buy-and-hold holdco (bootstrapped),self_id,"We buy, build, and grow, micro SaaS businesses to hold and love forever.",https://sidenotehq.com/,YES,verified,batch5,"[PROMOTED 2026-06-03 in_disguise->self_id: structural-permanence broadening per user; mechanism=buy-and-hold micro-SaaS, 'hold and love forever'] [DEMOTED 2026-06-03 strict->in_disguise: uniform name-and-reject re-audit. 'hold and love forever' + 'calmer/self-funding' = assertion; never names the alternative model. Genuine micro-SaaS acquirer (allocator); reversible.] Hand-verified on Exa raw markdown of sidenotehq.com homepage. Also: 'a bootstrapped holding company... grow using (mostly) our own cash flow, because we think that's a calmer, more sustainable approach'; 'small is beautiful and self-funding is the best way to grow.' Allocator: bootstrapped holdco acquiring tiny profitable SaaS ($25K-150K ARR, 85%+ gross margin) to hold forever (Daniel & Alfredo). Calm/indie-aligned. Tier 1 strict (hold forever). NASCENT/micro.",tech
4d-ventures,4D Ventures,anti-blitzscale patient SaaS VC (Europe) [IN-DISGUISE],self_id,"We are investing our own money; hence, we have no exit pressure ... we want to stay on board as long as possible so founders can build up their companies ... We are here for the very long run (if needed by a generation) without any exit pressure.",https://www.4d.ventures/investment-thesis,YES,verified,batch5-disguise,"IN-DISGUISE (Tier 2, S2/S3 anti-blitzscale + patient). Hand-verified on Exa raw markdown of 4d.ventures/investment-thesis. Also: 'We are investing our own money; hence, we have no exit pressure... we want to stay on board as long as possible'; 'we are patient capital & if it takes a few years longer, so be it.' Allocator: European late-seed B2B SaaS VC (>25K MRR), solo GP; backs growth but anti-blitzscale, no-exit-pressure (own money). In-disguise (growth-SaaS VC with a strong bootstrap/patient thesis; doesn't reject unicorns outright). | 2026-06-06 UPGRADE in_disguise->self_id: Tier1 'no exit pressure ... very long run (if needed by a generation)' verbatim on /investment-thesis (re-ground, inline-verified).",tech
henq,henQ,capital-efficiency B2B VC (Europe) [IN-DISGUISE],in_disguise,We are fine if you want to build a sustainable business without ever raising VC funding again.,https://www.henq.vc/,YES,verified,batch5-disguise,"IN-DISGUISE (Tier 2, S2/S3 capital-efficiency thesis). Hand-verified on Exa raw markdown of henq.vc homepage. Also: 'henQ companies use less funding and dilute less to grow to 60M ARR than the average VC-backed business'; 'no spray and pray.' Allocator: European B2B VC, initial tickets up to EUR10M, concentrated (~2 deals/yr), exit-bearing portfolio. In-disguise (conventional VC structure + capital-efficiency / sustainable-business thesis; doesn't reject unicorns).",tech
zebra-impact-ventures,Zebra Impact Ventures,zebra / impact VC (Switzerland) [IN-DISGUISE],in_disguise,This business model is framed as an alternative to the disrupting and profit-focused unicorn model.,https://zebraventures.ch/,YES,verified,batch5-disguise,"IN-DISGUISE (Tier 2, S1 zebra-vs-unicorn vocabulary). Hand-verified on Exa raw markdown of zebraventures.ch. Full: 'Zebra companies are both profitable and work to improve society... double bottom line... an alternative to the disrupting and profit-focused unicorn model.' Allocator: Swiss impact VC/PE boutique, early-to-growth tech (agri-food, decarbonization, water; led AgroSpheres $37M Series B; BCorp). In-disguise (zebra/impact, still growth/Series-B investing; doesn't reject unicorns outright).",mixed
zebras-and-company,Zebras and Company,zebra-company investor (Japan) [IN-DISGUISE],in_disguise,"we not only invest in and participate in the management of zebra companies but also collaborate with governments, financial institutions, and academic institutions both in Japan and overseas to create a movement and community that support zebras.",https://www.zebrasand.co.jp/en/,YES,verified,batch5-disguise,"IN-DISGUISE (Tier 2, S1 zebra-vs-unicorn). Hand-verified on Exa raw markdown of zebrasand.co.jp/en. Signal: 'The term of zebra was born as an antithesis to unicorn which aims to monopolize the market... and maximize market capitalization'; zebra companies 'pursue both social and economic goals.' Allocator: Japanese zebra investor (invests in + participates in management of zebra companies; 'Zebra Investment Scheme LIFE type1' independent of IPO plans). Tokyo. In-disguise (zebra movement; deploys capital into zebra companies).",mixed
waverock-software,Waverock Software,vertical software permanent holdco (US/Canada),self_id,A long-term home for niche software businesses — not a fund waiting to flip them.,https://waverocksoftware.com/,YES,verified,batch6,"Hand-verified on Exa raw markdown of waverocksoftware.com. Founder-led holding company (CEO Mike Rozenfeld, ex-Attainia/TA Associates) acquiring + operating niche vertical software ($2-15M ARR) for permanent hold. Explicit no-flip self-ID: 'We are not a fund. We are a home'; 'Most acquirers of vertical software operate on a four-to-six year clock. We do not'; Don't-list includes 'Quick flips or financial engineering', 'Milk companies for short-term cash', 'Chase vanity metrics or growth-at-all-costs.' Allocator: deploys acquisition capital, 20% founder equity rollover. Strict self_id.",tech
mosaic-software-group,Mosaic Software Group,permanent-capital software acquirer (US/Canada),self_id,"Our buy-and-hold philosophy, underpinned by our permanent capital base, ensures that we act in the long-term best interests for the team, customers, and company itself.",https://www.mosaicsoftwaregroup.com/,YES,verified,batch6,"[PROMOTED 2026-06-03 in_disguise->self_id: structural-permanence broadening per user; mechanism=permanent capital base + buy-and-hold] [DEMOTED 2026-06-03 strict->in_disguise: uniform name-and-reject re-audit. 'permanent capital / forever home / decades not quarters' = assertion; no explicit flip/sell/exit/fund-clock disclaimer. Genuine VMS acquirer (allocator); reversible.] Hand-verified on Exa raw markdown of mosaicsoftwaregroup.com. Permanent-capital investment firm (founding team started+exited their own enterprise software cos) acquiring B2B vertical / niche-horizontal software ($1-10M ARR), majority-to-100% ownership. Self-ID: 'Forever home'; 'buy-and-hold philosophy, underpinned by our permanent capital base'; value #1 'We take the long view... We think in decades, not quarters or years. We do not manage our business for short term results.' Explicitly contrasts vs PE (no team stability) and strategic acquirers (no cultural continuity). Strict self_id.",tech
jonas-software,Jonas Software,buy-and-hold software acquirer (Constellation/CSI group),self_id,"At Jonas, we buy and hold forever. This is our ""Software for Life"" promise that we never sell the businesses we acquire.",https://jonassoftware.com/being-acquired,YES,verified,batch6,"Hand-verified on Exa raw markdown of jonassoftware.com/being-acquired. Buy-and-hold acquirer of vertical-market software (owns 175+ companies). Explicit no-sell self-ID: 'Buy & Hold Forever: We have never sold a business'; 'we never sell the businesses we acquire.' NOTE: Jonas is an operating group of Constellation Software (CSI / TSX:CSU); admitted as the CONSTELLATION-FAMILY REPRESENTATIVE. Siblings Volaris, Vertus, Corvus, Andromeda carry identical explicit 'never sold a core business' language and are FLAGGED in blueprint (single-parent concentration) rather than each counted toward 50. Allocator: deploys acquisition capital. Strict self_id.",tech
upsidedown-vc,UpsideDown VC,income-based F&F-seed fund (UK) [IN-DISGUISE],in_disguise,"Freedom to pursue either venture-scale growth or build a profitable smaller business, without pressure to fit a single mould.",https://www.upsidedown.vc/,YES,verified,batch6-disguise,"IN-DISGUISE (Tier 2, S3 revenue-first instrument + explicit critique of unicorn-only VC). Hand-verified on Exa raw markdown of upsidedown.vc. Signal: 'Venture capital increasingly only invests into businesses who fulfil the £1 Billion unicorn growth model. But there are plenty of phenomenal businesses... who do not fit that mould'; funds Friends&Family-Seed via CFEA (Convertible Future Earnings Agreement - income-based, capped repayment, retain 100% ownership). NOT strict: explicitly keeps BOTH paths ('we do not ignore thoroughbreds when hunting for unicorns') - does not reject the unicorn model for itself. Allocator: equity + beatable debt into early founders. In-disguise.",mixed
permanent-corp,Permanent Corp,permanent-capital B2B holdco (US),self_id,"Permanent Corporation acquire profitable, niche B2B businesses and never sells.",https://permanentcorp.com/,YES,verified,batch7,"Hand-verified on Exa raw markdown of permanentcorp.com. Permanent-capital holdco, 140+ companies. Explicit no-sell self-ID: headline 'acquire profitable, niche B2B businesses and never sells'; 'We are a long-term owner, not a fund with an exit deadline'; 'sustainable growth, not short-term financial engineering.' Allocator: acquires niche B2B businesses. Strict self_id. [HOLDCO archetype]",mixed
heqs-investments,HEQS Investments,permanent-capital holdco (Australia),self_id,"We invest from our own balance sheet, not a fund with a five-year clock. There is no exit window and no pressure to flip.",https://www.heqs.com.au/investments,YES,verified,batch7,"Hand-verified on Exa raw markdown of heqs.com.au/investments. Explicit no-flip self-ID: 'backs the existing team and never plans to sell'; 'Permanent. We are not a fund'; table Hold Period Permanent vs PE 5-7yr exit. Australian operator (8 businesses, $100M+ portfolio; furniture/logistics/agri/IT); models itself on Constellation + Washington H. Soul Pattinson. Allocator: acquires Australian SMBs ($5-30M revenue). Strict self_id. [HOLDCO archetype]",mixed
teixo,Teixo,permanent-hold SMB holdco (Portugal),self_id,We buy good Portuguese businesses and hold them indefinitely. No fund cycle. No forced exit. No financial engineering.,https://teixo.co/,YES,verified,batch7,"Hand-verified on Exa raw markdown of teixo.co. Explicit no-forced-exit self-ID: 'acquires and stewards SMB Portuguese businesses for the long term - without fund cycles, without forced exits'; 'We treat each business as an inheritance, not an asset... we should never have to leave.' Founder Pedro Teixeira Duarte. Allocator: acquires Portuguese SMBs. Strict self_id. [HOLDCO archetype; early-stage Portugal holdco]",mixed
gsg-genii,GSG GENII,permanent-home software holdco (Europe/DACH),self_id,"Unlike traditional private equity investors, we think long-term. We do not buy to sell on - and we do not build for the exit. Instead, we provide a permanent home for companies that want to grow sustainably.",https://gsg-genii.com/en/,YES,verified,batch7,"Hand-verified on Exa raw markdown of gsg-genii.com. Explicit no-sell/no-exit self-ID. Financial holding company acquiring industry-specific 'hidden champion' software across DACH/Benelux/Scandinavia/France/Italy/UK; ~EUR500m revenues, 3000+ employees, 5-10 acquisitions/yr, 2/3 founder-led. Allocator: acquires software companies. Strict self_id. [HOLDCO archetype]",tech
solen-software-group,Solen Software Group,permanent-capital software holdco,self_id,"As a holding company with an indefinite time horizon, we have no intention of selling your business. When we invest in a company, we go 'all in' for the long haul.",https://www.solensoftwaregroup.com/why-solen,YES,verified,batch7,Hand-verified on Exa raw markdown of solensoftwaregroup.com/why-solen. Explicit no-sell self-ID: 'We are not pressured by exit timelines as we are a permanent capital acquisition vehicle'; 'no intention of selling your business.' Allocator: acquires vertical SaaS/software businesses. Strict self_id. [HOLDCO archetype],tech
kastellet-holdings,Kastellet Holdings,permanent-capital middle-market holdco (US/Denmark),self_id,Private equity buys companies to sell them again in three to seven years... Kastellet is different. Our capital is permanent.,https://www.kastholdings.com/,YES,verified,batch7,"Hand-verified on Exa raw markdown of kastholdings.com. Explicit anti-PE-exit self-ID: comparison table Hold Period Permanent vs PE '3-7 year exit'; 'Our capital is permanent.' Miami/Copenhagen-branded ($1-15M EBITDA, niche market leaders). Part of Volta Global (permanent-capital vehicle; disclosed parent). Allocator: acquires middle-market businesses. Strict self_id. [HOLDCO archetype]",mixed
exa-capital,Exa Capital,permanent-capital enterprise-software holdco,self_id,"Without pressure to sell portfolio companies, we make decisions that build value over decades, not just quarters.",https://exacapital.co/our-private-equity-acquisition-approach/,YES,verified,batch7,"Hand-verified on Exa raw markdown of exacapital.co. Explicit hold-forever self-ID: 'intention of keeping them forever'; 'Without pressure to sell portfolio companies, we make decisions that build value over decades'; founder testimonials cite 'buy and hold forever model.' Allocator: acquires enterprise software companies. Strict self_id. [HOLDCO archetype] (NOTE: exacapital.co - distinct from the Exa search tool) [QUOTE UPGRADED 2026-06-03 to on-page name-and-reject; also 'Without the pressure of a fixed investment horizon.']",tech
perpetuity-project,The Perpetuity Project,perpetual-hold SMB holdco (Europe),in_disguise,"We are a holding company dedicated to acquiring and growing solid small and medium-sized businesses across Europe, with a long-term, perpetual investment horizon.",https://www.theperpetuityproject.com/,YES,verified,batch8,"[DEMOTED 2026-06-03 strict->in_disguise: uniform name-and-reject re-audit. 'perpetual home / long-term perpetual horizon' = assertion. ALSO target_economy flagged POSSIBLY-TRADITIONAL (generalist European SMB-succession holdco, not clearly tech-focused) - for user review. Allocator; reversible.] Hand-verified on Exa raw markdown of theperpetuityproject.com. Europe-focused permanent-hold holdco targeting the SME succession wave. Explicit perpetual-hold self-ID: 'perpetual home'; 'perpetual investment horizon'; 'Lasting value is built over decades, not quarters'; contrast table vs 'Traditional Investors: Short term mindset.' Allocator: acquires European SMBs. Early-stage ('our dream'; mentorship-backed). Strict self_id. [HOLDCO archetype]",mixed
shop-circle,Shop Circle,"permanent-home software acquirer (AI-native, EU/NA)",self_id,"Our role is to provide a permanent home where your company can continue to thrive... No pressure to exit, just durable growth.",https://shopcircle.co/,YES,verified,batch9,"Hand-verified on Exa raw markdown of shopcircle.co. AI-native acquirer of B2B mission-critical software (Europe + North America); decentralized, founder-first. Explicit no-exit self-ID: 'a permanent home where your company can continue to thrive... No pressure to exit, just durable growth.' Allocator: acquires software companies. target_economy=tech. Strict self_id.",tech
micro-saas-capital,Micro SaaS Capital,permanent-hold micro-SaaS acquirer (Toronto),self_id,"We build for the long-term with permanent capital - our holding period is forever (we do not ""flip"").",https://microsaascapital.com/,YES,verified,batch9,Hand-verified on Exa raw markdown of microsaascapital.com (Toronto; invests worldwide). Acquires small SaaS 'that don't fit the criteria of traditional venture capital or private equity.' Explicit permanent/no-flip self-ID: 'our holding period is forever (we do not flip).' Allocator: acquires micro-SaaS. target_economy=tech. Strict self_id.,tech
microsaas-io,MicroSaaS.io,micro-SaaS studio/acquirer/micro-seed (Copenhagen/Finland),self_id,"We build products meant to last - not to flip... No outside pressure, no growth-at-all-costs mentality.",https://microsaas.io/,YES,verified,batch9,"Hand-verified on Exa raw markdown of microsaas.io (Copenhagen/Finland). Studio + acquirer + micro-seed fund for bootstrapped SaaS/products (Reetro, Sekorti). Explicit no-flip + anti-growth-at-all-costs self-ID. Allocator: acquires + micro-seed invests in software. target_economy=tech. Strict self_id.",tech
capacity-capital,Capacity Capital,"revenue-based fund, capital-efficient founders (US Southeast) [IN-DISGUISE?]",in_disguise,invests in revenues instead of valuations,https://capacitycapital.co/,NO,pending_verification,batch9,"FLAGGED 'in-disguise, potentially' per user (2026-06-03). Could NOT verify: capacitycapital.co returned Exa CRAWL_HTTP_503 x3; user also could not find detail. Per F4.fund third-party profile: Chattanooga solo-GP revenue-based fund (Jonathan Bragdon), Indie.vc-inspired redeemable equity, backs capital-efficient founders that 'don't fit the winner-take-all hypergrowth narrative'; Kauffman/Rockefeller-backed. target_economy=tech (revenue-generating startups). NOT counted (pending/unverified); needs manual/browser verification.",tech
d2-fund,D2 Fund,capital-efficient B2B software VC (UK/Europe),self_id,We prioritise sustainable compounding growth and will never push portfolio founders to raise capital to mark up our own books.,https://d2.fund/,YES,verified,batch10,"Hand-verified on Exa raw markdown of d2.fund. 'Venture Capital for enduring companies... Funding capital-efficient software businesses' (B2B software, UK & Europe, up to GBP2M). Explicit rejection of the markup/raise-more treadmill: 'never push founders to raise capital to mark up our own books'; 'stay lean... longevity, not their next funding round'; also offers debt/grant to maintain founder equity. Allocator: equity + alt-financing into B2B software. target_economy=tech. Strict self_id (NON-HOLDCO).",tech
golden-section,Golden Section,capital-efficient vertical-SaaS growth equity + RBF (Houston),self_id,"Founders who are building toward a meaningful strategic exit at $5-15M An. Rev., not an IPO at $500M An. Rev. - and understand why that's actually the better outcome.",https://www.goldensection.com/,YES,verified,batch10,Hand-verified on Exa raw markdown of goldensection.com (Houston). Minority growth equity ($1-5M) + revenue-based financing/SaaS term loans for B2B vertical SaaS ($1-8M ARR). Explicit rejection of the unicorn/$500M-IPO power-law model: 'not chase the next round'; '$5-15M exit not $500M IPO is the better outcome'; 'refusing to play the valuation game'; burn multiple <2x. Allocator: equity + RBF into vertical SaaS. target_economy=tech. Strict self_id (NON-HOLDCO).,tech
finis-ventures,Finis Ventures,applied-AI build-and-hold software studio,self_id,"We build, hold, and operate... we build from zero, and we hold long.",https://finis.ventures/,YES,verified,batch10,"[PROMOTED 2026-06-08 per user ruling: build-their-own studios count as valid atlas members (ratifies taxonomy rule #3; supersedes the 2026-06-03 non-allocator hold).] Hand-verified on Exa raw markdown of finis.ventures (own homepage). Applied-AI venture studio / 'holding company for software businesses' that builds from zero and holds long (shared infra, separate cap tables). Self-ID: 'We build, hold, and operate... we build from zero, and we hold long'; 'Self-funded. Operator-led. Profit-bearing where it can be, patient where it cannot.' Allocator type: company creation + permanent hold (Studio). FLAG: 'We do not announce. The portfolio is the work, not a list.' -> no named portfolio, footprint not externally verifiable -> in_disguise/med. target_economy=tech.",tech
sureswift-capital,SureSwift Capital,permanent-hold B2B SaaS acquirer (no-flip),self_id,we're not looking to flip businesses or maximize profits at the cost of long-term viability... we never assume an expiration date... we buy businesses with the expectation that we'll be operating them in the long run.,https://www.sureswiftcapital.com/blog/the-sureswift-model,YES,verified,batch11,Hand-verified on Exa raw markdown of sureswiftcapital.com (model blog + homepage). Since 2015 acquires/holds/grows B2B SaaS from bootstrapped founders ('Exceptional Operators'); fee = 2% revenue + 20% EBITDA (not 2/20). Explicit no-flip self-ID: 'not looking to flip businesses... never assume an expiration date... operating them in the long run.' Allocator: acquires B2B SaaS. target_economy=tech. Strict self_id.,tech
software-circle,Software Circle,"permanent-home VMS serial acquirer (UK, AIM:SFT)",in_disguise,"Providing a permanent home for their teams, management talent and culture.",https://softwarecircle.com/,YES,verified,batch11,"[DEMOTED 2026-06-03 strict->in_disguise: uniform name-and-reject re-audit. Page asserts 'permanent home for teams' + 'help founders find the right exit strategy' (exit-neutral); does NOT name+reject the flip/exit/fund-clock model. Genuine VMS acquirer (allocator); reversible.] Hand-verified on Exa raw markdown of softwarecircle.com (formerly Grafenia plc, LON:SFT). UK serial acquirer of vertical market software ('The best home for software companies'); decentralized, continues operations independently as 'permanent home.' Allocator: acquires VMS (>=GBP500k recurring rev, UK/Ireland). target_economy=tech. Strict self_id (permanent-home VMS holdco).",tech
evergreen-ftg,Evergreen Financial Technology Group,evergreen fintech-software holdco (US/Canada),self_id,A Long-term home for great software businesses that serve financial institutions... Owner's Mindset: We acquire and build businesses with a long-term horizon.,https://evergreenftg.com/,YES,verified,batch11,"[PROMOTED 2026-06-03 in_disguise->self_id: structural-permanence broadening per user; mechanism=buy-and-hold software acquirer, long-term home, no exit language] [DEMOTED 2026-06-03 strict->in_disguise: uniform name-and-reject re-audit. 'Long-term home / Owner's Mindset / long-term horizon' = assertion only; no named rejection of flip/exit/fund-clock. Genuine fintech-software acquirer (allocator); reversible.] Hand-verified on Exa raw markdown of evergreenftg.com. Evergreen holdco for software serving financial institutions (credit-union core Sharetec, loan-origination Global Wave, BI Lodestar, core processor Infonancial; 400+ FIs, 5.2M members). Self-ID: 'Long-term home... Owner's Mindset (long-term horizon)... Founder's Legacy... Decentralized.' Allocator: acquires fintech software cos. target_economy=tech. Strict self_id (evergreen software holdco).",tech
iolar-ventures,Iolar Ventures,capital-efficient 'camel' VC (Silicon Valley; B2B cloud/mobile software),self_id,"the approach of mainstream venture, with an emphasis on outlier outcomes, rapid growth at all costs, high burn rates, and a large portfolio to mitigate high risk, may not always be the best choice for founders... we don't need to force companies to take excess capital in order to 'move the needle' on returns to our funds.",https://iolar.vc/,YES,verified,batch12,"Hand-verified on Exa raw markdown of iolar.vc. Boutique capital-efficient VC (Series A lead, $1-3M, B2B cloud/mobile software in climate, fintech, security, comms). Names+rejects the VC growth model ('outlier outcomes, rapid growth at all costs, high burn rates') and structurally keeps funds small so 'we don't need to force companies to take excess capital.' Allocator: equity into early-stage software. Strict self_id (camel-VC).",tech
evigrow-software,EviGrow Software,lifetime European vertical-market software (VMS) acquirer,self_id,We never intend to sell a company once it has joined our group.,https://www.evigrowsoftware.com/about,YES,verified,batch12,Hand-verified on Exa raw markdown of evigrowsoftware.com/about. 'Lifetime investor' acquiring niche B2B VMS companies across Europe for a permanent home. Names+rejects selling: 'We never intend to sell a company once it has joined our group.' Allocator: acquires VMS companies. Strict self_id (permanent VMS holdco).,tech
croissant,Croissant,permanent-hold European B2B SaaS acquirer (Benelux/France/DACH),self_id,"We buy, optimize, and hold. Forever... We're not here to flip.",https://croissant.today/,YES,verified,batch12,Hand-verified on Exa raw markdown of croissant.today. Acquires European B2B SaaS (EUR0.5-2M ARR) to operate long-term ('Europe's SaaS Middle Class'). Names+rejects flip/strip: 'We're not here to flip'; 'we don't strip it for parts'; 'No layoffs for sport.' Four operator-founders. Allocator: acquires SaaS companies. Strict self_id.,tech
tiny,Tiny,permanent buy-and-hold acquirer of internet/software businesses (Tiny Ltd),self_id,[on-page comparison table] Venture Capital: 'Pressure to provide 10-100X returns'; Private Equity: 'Typically flip your company in 3-5 years'; Tiny: 'Holds companies for the long term.',https://www.tiny.com/,YES,verified,batch12,"Hand-verified on Exa raw markdown of tiny.com (recheck overturns prior reject: the on-page Tiny-vs-VC-vs-PE comparison table is an explicit name-and-reject). Names VC '10-100X returns' + PE 'flip your company in 3-5 years', positions Tiny as 'Holds companies for the long term'; 'we started Tiny to become the buyer we wish we could have sold to.' 32 companies, $250M+ revenue (Dribbble, Creative Market, We Work Remotely, Letterboxd). Allocator: buys internet/software businesses. target_economy=mixed (predominantly digital). Strict self_id.",mixed
based-holdco,Based,long-term holding company for owner-led internet businesses (SaaS/FinTech/InsurTech),self_id,"A long-term holding company partnering with entrepreneurial leaders to build, acquire, and grow enduring companies.",https://www.basedinc.com/,YES,verified,batch12,"[PROMOTED 2026-06-03 in_disguise->self_id: structural-permanence broadening per user; mechanism=long-term holding co, buy-and-hold enduring companies] Hand-verified on Exa raw markdown of basedinc.com. Acquires controlling stakes in owner-led internet businesses ($500K-5M recurring rev; SaaS, Service-as-Software, FinTech, InsurTech). Long-term/enduring/legacy assertion but page does NOT explicitly name+reject the flip/exit/fund-clock model -> IN_DISGUISE (genuine allocator, tech; does not count toward strict 100).",tech
upliift,Upliift,permanent-equity acquirer of European B2B vertical software (healthcare/finserv/workforce/mfg),self_id,"We're here to help your business thrive, not flip it.",https://upliift.com/,YES,verified,batch13,"Hand-verified on Exa raw markdown of upliift.com homepage + own blog post 'What is Permanent Equity?' (Co-CEO Alex Myers). Homepage names+rejects flip ('help your business thrive, not flip it'); post: 'no fund cycle and no exit mandate... One buys to hold, the other to sell.' Permanent-equity partner for European B2B software (EUR1-25M rev; healthcare, financial services, workforce mgmt, manufacturing). Allocator: acquires majority stakes in vertical software cos. Strict self_id.",tech
software-combined,Software Combined,B2B-tech 'forever home' acquirer (Europe & Oceania),self_id,"Whether you think of us as an invested strategic advisor, or a 'forever home' for your business, we will make long-term commitment to your vision and your people.",https://softwarecombined.com/,YES,verified,batch13,"[PROMOTED 2026-06-03 in_disguise->self_id: structural-permanence broadening per user; mechanism='forever home' B2B software acquirer] Hand-verified on Exa raw markdown of softwarecombined.com. Acquires successful B2B tech businesses (Europe/Oceania), decentralized 'forever home.' Assertion-only ('forever home', 'long-term commitment') + mentions 'diverse liquidity options' -> does NOT name+reject the flip/exit model -> IN_DISGUISE (genuine B2B-tech allocator; does not count toward strict 100).",tech
define-capital,Define Capital,permanent-capital B2B software holdco,self_id,We buy and hold forever.,https://definecapital.ca/,YES,verified,batch14,"Own-page literal text (curl) 2026-06-03: 'We buy and hold forever.'; 'Forever Hold Model (We Never Sell)'; 'No reselling - Your team, name, and structure stay intact.' Allocator: acquires B2B software/software-enabled cos $5M-$10M EBITDA, North America. Explicit name-and-reject (We Never Sell / No reselling).",tech
tag-software-group,TAG Software Group,permanent-capital VMS holdco,self_id,TAG provides a permanent home for software companies — we don't buy to sell.,https://www.tagsoftwaregroup.com/,YES,verified,batch14,"Own-page literal text (curl) 2026-06-03: 'we don't buy to sell'; 'Permanent capital: We provide stability and brand protection with no pressure to sell or exit.' Valsoft Corporation family -> admitted as SINGLE representative (Valsoft own page is assertion-only 'permanent capital mindset'); do NOT separately count Valsoft or other Valsoft subs. VMS software, tech.",tech
quadra-group,Quadra Group,permanent-capital VMS holdco,self_id,"Quadra Group is a permanent capital holding company, primarily focused on the acquisition and scaling of specialized vertical market software (VMS), and digital service companies in continental Europe.",https://www.quadragroup.co.uk/,YES,verified,batch14,"[PROMOTED 2026-06-03 in_disguise->self_id: structural-permanence broadening per user; mechanism=permanent capital VMS holdco] Own-page literal text (curl) 2026-06-03. Assertion-only ('permanent capital'); no explicit never-sell/no-flip captured -> in_disguise (Tier 2), NOT strict. Allocator (acquires VMS + digital service cos), continental Europe, founded 2022.",tech
alexandria-capital,Alexandria Capital,permanent-capital software holdco,self_id,"We do not sell our companies after acquisition, as we hold businesses permanently.",https://alexcapital.co/,YES,verified,batch15,"Own-page literal text (curl) 2026-06-03: 'Alexandria Capital is a buy-and-hold acquirer of software businesses.'; 'Buy and Hold Forever - We do not sell our companies after acquisition, as we hold businesses permanently.' Explicit name-and-reject. Allocator (acquires software cos), tech.",tech
everfield,Everfield,permanent-capital VMS holdco (Europe),self_id,We don't want to disrupt your progress by selling your business at any point in the future.,https://everfield.com/,YES,verified,batch15,"Own-page literal text (curl) 2026-06-03. Buy-and-hold investor in European vertical market & specialist software (40+ B2B software cos, decentralized model). Explicit name-and-reject (won't sell business at any point in the future). PE-funded but permanent-hold model (like Banyan, institutionally backed yet admitted). tech.",tech
leo-software-group,Leo Software Group,permanent-capital software holdco,self_id,Our mission is simple: to buy and operate software businesses that we want to own forever.,https://www.leosoftwaregroup.com/,YES,verified,batch16,"[PROMOTED 2026-06-03 in_disguise->self_id: structural-permanence broadening per user; mechanism=buy-and-operate-forever; 'unlike firms focused on short-term gains'] Own-page literal text (curl) 2026-06-03: 'Unlike firms focused on short-term gains, we provide a permanent home...'; 'to buy and operate software businesses that we want to own forever.'; 'buy-and-hold strategy'. Positive permanence + short-term-gains contrast but NO explicit negated-sell phrase -> in_disguise (Tier 2), consistent with Mosaic. Borderline-promotable under a composition/broad ruling. 12+ portfolio cos, NA/Europe/Australia, enterprise software. tech.",tech
teoh-capital,Teoh Capital,"permanent-capital investor (software + enduring businesses), Australia",self_id,"But unlike most private equity firms, we invest without a fixed time horizon.",https://teohcapital.com/,YES,verified,batch17,"Own-page literal text (curl) 2026-06-03: 'But unlike most private equity firms, we invest without a fixed time horizon.'; 'flexible, permanent capital'. Cross-class = permanent-capital INVESTOR (not a holdco). Australian allocator (majority/significant-minority) in B2B software $1-50M recurring rev PLUS heritage brands/family businesses/optical/turnarounds -> MIXED economy (real software vertical + traditional). FLAG for classification phase: self-labels 'private equity firm' but explicitly rejects the PE fixed-horizon/exit model; partial traditional verticals.",mixed
noosa-labs,Noosa Labs,Small profitable SaaS acquirer ($200k-$800k ARR; Miami/Paris),self_id,"We don't flip Companies. We improve the product, support your customers and build on top of it.",https://noosalabs.com,YES,verified,batch18,Buy-and-hold SaaS acquirer 60%+ profit excl founder salary; explicit anti-flip permanent-hold; founder ex-Checkr & Long Journey Ventures VP; verified raw own-page 2026-06-06,tech
arising-ventures,Arising Ventures,Long-term software holding company (revenue $3M-$30M),self_id,"We are structured as a long-term holding company, meaning we don't have the broken incentives of a fund.",https://arisingventures.com,YES,verified,batch18,Long-term software holdco; explicit fund-model rejection + in-it-for-the-long-haul; co-founders Xavier Helgesen & Sieva Kozinsky also run Enduring Ventures (in atlas); portfolio Jyve/UpCounsel; verified raw own-page 2026-06-06,tech
mainsail-partners,Mainsail Partners,growth equity for bootstrapped software,in_disguise,"Mainsail invests in founder-led, bootstrapped companies because we love what makes you so unique",https://mainsailpartners.com/,YES,verified,reservoir-r1,reservoir-r1 2026-06-06: S2 deal-profile (invests in founder-led bootstrapped software companies). Tech-enabled growth equity. Inline-verified; no disqualifier.,tech
union-group-fund,Union Group Fund,"bootstrapped vertical SaaS, livable growth",in_disguise,We invest in bootstrapped vertical SaaS software companies ... companies that ... share the same philosophy of livable and viable growth,https://www.uniongroupfund.com/,YES,verified,reservoir-r1,"reservoir-r1 2026-06-06: S2 deal-profile (bootstrapped vertical SaaS, solopreneurs, livable/viable growth). Capital-efficient/modest -> Nimble. Inline-verified; no disqualifier.",tech
serent-capital,Serent Capital,growth equity for bootstrapped founders,in_disguise,"We invest in bootstrapped founders, pairing capital with hands-on operating expertise",https://serentcapital.com/why-serent/,YES,verified,reservoir-r1,reservoir-r1 2026-06-06: S2 deal-profile (bootstrapped founders). Tech-enabled growth equity. Inline-verified; no disqualifier. || REAUDIT-FLAG: $6B-AUM growth-equity PE that exits ('celebrated our first exit'); genuine 'bootstrapped founders' focus but standard PE return model. Borderline - re-review.,tech
tvc-capital,TVC Capital,capital-efficient B2B software growth equity,in_disguise,capital-efficient companies generating $3 million-plus in annual recurring revenue from a solution their customers cannot live without,https://tvccapital.com/fund-focus/,YES,verified,reservoir-r1,"reservoir-r1 2026-06-06: S2 deal-profile (capital-efficient, $3M+ ARR, already-revenue). Tech-enabled. Inline-verified; no disqualifier. || REAUDIT-FLAG: software growth-equity PE; 'capital-efficient $3M+ ARR' sourcing but does take-privates/roll-ups/recaps (exit model). Borderline - re-review.",tech
expedition-growth-capital,Expedition Growth Capital,bootstrapped software & AI growth,in_disguise,specialist partners for rapidly growing software & AI companies ... bootstrapped software & AI founders,https://expedition.capital/,YES,verified,reservoir-r1,"reservoir-r1 2026-06-06: S2 deal-profile (bootstrapped software/AI founders). Mild growth lean (""category leadership"") -> conf med. Tech-enabled; no hard disqualifier.",tech
timia-capital,TIMIA Capital,"non-dilutive debt, alternative to VC",in_disguise,Alternative to Venture Capital. TIMIA Capital provides debt capital to growing B2B technology companies ... bootstrapped or lightly capitalized companies looking to grow their business without dilution,https://timiacapital.com/,YES,verified,reservoir-r2,reservoir-r2 2026-06-06: explicit alternative-to-VC + non-dilutive for bootstrapped/lightly-capitalized B2B tech (Lighter Capital archetype). Nimble. Inline-verified; no disqualifier.,tech
saas-group,saas.group,permanent-hold acquirer of bootstrapped SaaS,in_disguise,We acquire inspiring bootstrapped SaaS companies ... bootstrapper mindset,https://saas.group/,YES,verified,reservoir-r4,reservoir-r4 2026-06-06: permanent-hold acquirer of bootstrapped SaaS (S2 deal-profile + bootstrapper mindset). Tech-enabled. Overturns stale prior-reject on current on-page evidence. Inline-verified.,tech
silversmith-capital,Silversmith Capital Partners,"growth equity, capital-efficient software/healthcare",in_disguise,Capital Efficiency - Demonstrated capability of growing business with constrained resources,https://www.silversmith.com/approach,YES,verified,reservoir-r5,"reservoir-r5 2026-06-06: S2 deal-profile (capital-efficiency a core investment criterion; backs constrained-resource growth). Tech-enabled growth equity. Inline-verified on /approach; no power-law disqualifier. conf med (criterion among several). || REAUDIT-FLAG: large growth-equity PE ($20-125M checks, $2B+); genuine 'capital efficient / breakeven or profitable' criterion but exit-driven fund. Borderline - re-review.",tech
invictus-growth,Invictus Growth Partners,"growth equity, bootstrapped/capital-efficient B2B SaaS",in_disguise,"Bootstrapped or Capital-Efficient - $20 Million+ Equity Investments [in B2B technology companies with SaaS models, $10M+ ARR]",https://www.invictusgrowth.com/,YES,verified,discovery-r6,"discovery-r6 2026-06-06: S2 deal-profile (invests in bootstrapped OR capital-efficient B2B SaaS, $10M+ ARR). Tech-enabled. Inline-verified on own page; no power-law disqualifier.",tech
updata-partners,Updata Partners,"growth equity, bootstrapped/lightly-capitalized software",in_disguise,Bootstrapped or Lightly Capitalized ... Capital Efficiency ... $20M-$200M Equity,https://updata.com/approach/,YES,verified,discovery-r6,"discovery-r6 2026-06-06: S2 deal-profile (bootstrapped or lightly-capitalized software, capital-efficiency thesis). Tech-enabled growth equity. Inline-verified; no disqualifier.",tech
apex-point-equity,Apex Point Equity,equity for bootstrapped SMB/PLG SaaS,in_disguise,"bootstrapped, in the $500k+ ARR [range] ... Need to scale sales (SMB focus) and/or marketing (PLG focus)",https://apexpointequity.com,YES,verified,intake-r8,"intake-r8 2026-06-06: S2 deal-profile (invests in bootstrapped $500k+ ARR SaaS, SMB/PLG). Tech-enabled. Inline-verified; no disqualifier.",tech
argentum-group,Argentum Group,"growth equity, bootstrap/capital-efficient B2B software",in_disguise,"Bootstrap, Capital-Efficient Entrepreneurs - We support bootstrap companies that have [built] industry-leading B2B software, technology-enabled services",https://argentumgroup.com/about,YES,verified,intake-r8,"intake-r8 2026-06-06: S2 deal-profile (supports bootstrap, capital-efficient entrepreneurs building B2B software). Tech-enabled growth equity. Inline-verified; no disqualifier.",tech
long-holding-company,Long Holding Company,permanent-hold acquirer of B2B software/information brands,in_disguise,Permanent Home For The Business You Built ... we acquire forever ... software businesses to grow their legacy,https://www.longholdco.com/,YES,verified,reservoir-r13,"reservoir-r13 2026-06-06: strong permanent-hold signal (we acquire forever / permanent home / no intention to sell). Acquires B2B information brands (publications, data, live events) + software -> tech-enablement PARTIAL/flagged (media+software mix). conf med. Inline-verified; no DQ.",tech
beacon-software,Beacon Software,permanent-hold acquirer of Main Street software,in_disguise,"The permanent home to build & grow Main Street software. Beacon acquires essential software businesses ... Unlike traditional private equity, our plan is not to resell or chase short-term results ... a permanent home where it can thrive for decades to come",https://beaconsoftware.com/,YES,verified,reservoir-r14,reservoir-r14 2026-06-06: permanent-hold software acquirer with explicit anti-PE-flip rejection (Unlike traditional private equity ... not to resell ... 3-5 years that jeopardize long-term). Tech-enabled (Main Street software). Inline-verified; no DQ.,tech
penntech-holdings,PennTech Holdings,permanent-hold acquirer of B2B technology companies,in_disguise,"Permanent Home to Preserve Your Business Legacy ... we acquire and grow profitable B2B technology and services companies ... Unlike traditional private equity, we don’t buy to sell",https://www.penn-tech.com/,YES,verified,reservoir-r15,reservoir-r15 2026-06-07: permanent-hold acquirer of profitable B2B technology companies w/ explicit anti-PE-flip. Tech-enabled. Inline-verified; no DQ.,tech
workhorse-capital,Workhorse Capital,growth capital for bootstrapped software (anti-unicorn),in_disguise,The unicorn is mythical; the magic isn’t real and the horn serves no purpose ... A Pedestal for Bootstrappers,https://workhorsegrowth.com/,YES,verified,reservoir-r15,"reservoir-r15 2026-06-07: explicit anti-unicorn self-positioning (unicorn is mythical) + bootstrapper focus, software. SMV. Inline-verified; the unicorn mentions are anti-unicorn, not power-law.",tech
xo-capital,XO Capital,buy-and-operate holdco for bootstrapped indie SaaS,in_disguise,"We buy & operate SaaS companies ... bootstrapped, indie hacker companies",https://www.xo.capital/,YES,verified,reservoir-r15,"reservoir-r15 2026-06-07: buy-and-operate (permanent-hold) micro-SaaS holdco targeting bootstrapped/indie companies. Tech-enabled. Inline-verified; unicorn mention is podcast context, not model.",tech
tangle-ventures,Tangle Ventures,permanent-hold acquirer of digital/software companies,in_disguise,"We acquire overlooked digital companies, install operators, optimize systems, and compound [over decades] ... Capital-efficient structure ... Software & service portfolio",https://tangleventures.io/,YES,verified,proxy-r19,"proxy-r19 2026-06-07: permanent-hold digital/software acquirer, compounds over decades, capital-efficient, Companies Held 8. JS-rendered (verified via reader proxy). Tech-enabled.",tech
tatonic-ventures,Tatonic Ventures,permanent holding company for founder-led businesses (buy & hold forever),self_id,"Tatonic Ventures is a permanent holding company. We invest in founder-led businesses for the long term, not the exit. We buy and hold forever. No forced exits, no artificial timelines... We invest in profitability and compounding, not blitzscaling toward an exit.",https://www.tatonic.net/,YES,verified,exa1,"Hand-verified on Exa raw markdown of tatonic.net (own homepage). Explicit permanent-hold self-ID: 'permanent holding company... not the exit'; 'We buy and hold forever. No forced exits'; '0 Forced Exits - We hold forever'; 'founders who are building businesses they never want to sell.' Allocator: 'We provide capital'; 50+ total investments, 9 active companies, est. 2018 Bozeman MT. DIVERSIFIED holdco - tech sleeve (AI/SaaS: FluencyAI, TaskForgeAI, Quarry Labs, FUND Montana) plus finance and hospitality/professional services (Death & Co, Jack Johnson Entertainment); tech_enabled=PARTIAL. Not Constellation-affiliated.",tech
junagal,Junagal,"AI venture studio, principal-owned, permanent capital / no exit timeline (build-to-keep)",self_id,"Junagal originates, funds, and operates AI-native products - with a single owner, permanent capital, and no exit timeline. ... No LP pressure, no fund lifecycle, no deadline to sell. ... Optimised for enduring value. Not optics, not exits, not the next fund cycle.",https://junagal.com/,YES,verified,exa1,"Hand-verified on Exa raw markdown of junagal.com (own homepage). Build-to-keep AI venture studio. Explicit no-exit self-ID: 'single owner, permanent capital, and no exit timeline'; 'Ownership is permanent. Dilution is not the plan.'; 'No LP pressure, no fund lifecycle, no deadline to sell'; 'Not optics, not exits, not the next fund cycle.' Allocator: 'originates, funds, and operates... deploy capital'; owns 4 AI products (ThirdRetail computer-vision, ASN Junagal, Career by Junagal, Celestia). FLAG: NASCENT/solo - London UK, est. 2024, single principal owner (Anil Junagal); past pre-first-deal (4 named operating products) but small. Fills thin Studio class.",tech
acadian-software,Acadian Software,long-term capital partner for capital-efficient/bootstrapped SaaS (holds for many years),in_disguise,"We prefer to invest in businesses that have achieved market traction and momentum, without consuming large amounts of equity capital... we are building a small portfolio of exceptional software businesses, and we are prepared to hold an investment for many years. ... the best companies don't need tens of millions to prosper... bootstrapped SaaS businesses are a capital-efficient, profitable means of growth over the long-term.",https://www.acadiansoftware.com/,YES,verified,exa2,"Hand-verified on Exa raw markdown of acadiansoftware.com (own homepage + Who We Are). S2+S3: invests in proven, capital-efficient SaaS 'without consuming large amounts of equity capital' and holds 'for many years'; 'best companies dont need tens of millions'; 'bootstrapped SaaS businesses are a capital-efficient, profitable means of growth over the long-term.' Allocator: $2-30M equity, minority/majority; REAL bootstrapped portfolio (Klaviyo cash-flow breakeven, Convoke profitable no-further-equity, Roller, CaseGlide, SureCost, Style Arcade, Legible AI). Board incl. William Thorndike (author The Outsiders). Tech: SaaS. Offices Arlington VA + Boston.",tech
nyo-capital,NYO Capital,"growth equity exclusively for bootstrapped, founder-led software companies",in_disguise,"NYO Capital is a growth equity firm with a specialized focus on nurturing and investing in bootstrapped, founder-led software companies. ... our mission is to empower growth-oriented, bootstrapped software companies ... ensuring our portfolio companies can realize their full potential while retaining their founding spirit.",https://nyocapital.com/,YES,verified,exa2,"Hand-verified on Exa raw markdown of nyocapital.com (own About page). S2 bootstrapped deal-profile (Mainsail/Sequel archetype): 'specialized focus on... investing in bootstrapped, founder-led software companies'; 'empower growth-oriented, bootstrapped software companies... retaining their founding spirit'; 'growth equity and growth buyout partners... sustainable growth strategies.' Allocator: growth equity/buyout. Tech: software. FLAG: thin site, no portfolio shown -> med confidence; deal-profile explicit and on-archetype.",tech
noygear,Noygear (Aware Partners),permanent-capital venture studio building real-economy software companies (no fund clock),in_disguise,Permanent capital means no liquidation pressure. Winners run on their own timeline. ... Permanent capital. Family-controlled. Actively deploying. No fund clock. ... Operating with long-term ownership as the default.,https://noygear.ai/,YES,verified,exa2,"Hand-verified on Exa raw markdown of noygear.ai (own homepage). Build-to-keep venture-studio arm of Aware Partners (single family-office-controlled PE fund). Structural no-forced-exit signal: 'Permanent capital means no liquidation pressure. Winners run on their own timeline'; 'No fund clock'; 'long-term ownership as the default'; 'Operator-owned - not software sold around them or on top of them.' Allocator: funds studio-originated software cos from one balance sheet (pre-seed $125K-500K). Tech: real-economy software (Casa/Casita CRE, med-tech, ed-tech). FLAGS: NASCENT (ventures launching 2026, several stealth); founder Al Buda is a unicorn/exit veteran (nineteen unicorns, two SaaS exits) though firm structure is permanent-capital/no-fund-clock; co-invests w/ outside capital at seed. LOW confidence - surface to Ethan.",tech
edited-capital,Edited Capital,small-tech buyout fund for profitable B2B software that does not fit the unicorn-or-bust model,in_disguise,"For every unicorn success story, there are countless startups that don't go to plan, despite being fundamentally good businesses. ... what if a startup's potential wasn't measured by how fast it could grow, but by how much value it created? ... to rewrite the narrative of venture by changing the definition of success.",https://editedcapital.com/,YES,verified,exa3,"Hand-verified on Exa raw markdown of editedcapital.com (own homepage). S2/S3 deal-profile + anti-unicorn framing: 'small tech buyout space... underserved by VC and larger PE firms'; 'what if a startups potential wasnt measured by how fast it could grow, but by how much value it created'; 'rewrite the narrative of venture by changing the definition of success.' Exa-search of /about+/fund-iii surfaced supporting line: 'overlooked asset class: companies with proven revenue... that dont fit todays unicorn-or-bust model.' Criteria: B2B Tech + tech-enabled services, $3M+ rev, 50%+ gross margin, North America; control buyouts 50-75% equity. FLAG: closed-end PE fund (Fund III $150M, 7-yr term, 3-4x MOIC target) -> exits for returns; anti-unicorn framing is deal-profile (like Mainsail/Serent/TVC), not permanent-hold. Med confidence.",tech
skoyen-software,Skoyen Software,permanent-capital buy-and-hold B2B SaaS acquirer (UK/Norway),in_disguise,"We're building an active buy-and-hold strategy, with permanent investment that works better for SaaS businesses, their leaders and investors alike. ... Skoyen Software acquires and invests permanent capital in founder-led B2B SaaS Businesses.",https://skoyensoftware.com/,YES,held_for_review,exa2,"FLAGGED FOR REVIEW (user-directed 2026-06-07). Explicit permanent buy-and-hold language on own page (passes on the letter). CREDIBILITY RISK: founder Nic Humphries is the SITTING Executive Chairman of HgCapital ('Europe's largest private software [PE] investor'); team from HgCapital/Goldman/Everfield/IRIS. 'Permanent' claim from a flip-PE titan deserves scrutiny; no explicit 'never sell'. Tech: UK/European B2B SaaS, £1-10M rev. Surface to Ethan; do not count as verified.",tech
gearbox-capital,Gearbox Capital,growth capital exclusively for bootstrapped software/data/tech-enabled businesses (rejects growth-at-any-cost),in_disguise,"Growth Capital for Bootstrapped Businesses. ... Responsible Growth - We reject the notion of growth at any cost. We've found that hockey stick graphs often lead to missed expectations, systemic stress and unintended collateral damage. Instead, we prioritize setting the foundation for 15-30% growth sustained over a decade. ... Investment Focus: Bootstrapped and founder led software, data or technology enabled services companies.",https://www.gearboxcap.com/,YES,verified,exa4,"Hand-verified on Exa raw markdown of gearboxcap.com (own homepage). Explicit S2+S3: 'Growth Capital for Bootstrapped Businesses'; 'We reject the notion of growth at any cost... we prioritize 15-30% growth sustained over a decade'; '10 year growth horizon'; focus 'Bootstrapped and founder led software, data or technology enabled services, $5MM+ rev, break-even or beyond.' Allocator: growth investments/recapitalizations - real portfolio (Greenshades recap, Office Timeline, Visme, DaySmart). Tech: SMB software/data. Founder Omair Sarwar (ex-SFW Capital). High confidence.",tech
recur-software,Recur Software,patient/enduring-home acquirer of profitable vertical software (not growth at all costs),in_disguise,"An enduring home for Wonderful Software Companies. ... Patient capital. Careful stewardship. Lasting growth. ... We drive organic, durable growth. Not growth at all costs - growth that lasts. ... Your product. Your legacy. Our stewardship. We protect what founders built.",https://recurgrowth.com/,YES,verified,exa4,"Hand-verified on Exa raw markdown of recurgrowth.com (own homepage). In_disguise signal: 'An enduring home for Wonderful Software Companies'; 'Patient capital. Careful stewardship. Lasting growth'; 'Not growth at all costs - growth that lasts'; 'We protect what founders built.' Acquires mission-critical vertical software ($1-10M ARR, 'Profitable, or close to it'); $650M+ deployed, $1B+ combined ARR, referenceable founders (Statii). Tech: vertical SaaS. FLAG: soft/marketing language + 'venture heritage'/institution-backed (no explicit never-sell, structural permanence unconfirmed) -> med confidence. Permanent-lean acquirer.",tech
govsoft-holdings,GovSoft Holdings,patient-capital permanent holdco for government & public-safety software (GovTech),self_id,"Unlike traditional private equity and venture capital funds with mandated investment timelines and fundraising cycles, GovSoft Holdings' capital is truly patient... we don't have to worry about raising capital or prepping for a sale. ... We do not have traditional private equity or venture capital investors that need a quick win - we build companies to last. ... value for your equity is created over multiple cycles rather than a single exit.",https://govsoftholdings.com/,YES,verified,exa5,"Hand-verified on Exa raw markdown of govsoftholdings.com (own homepage). Explicit self-ID: 'capital is truly patient... long-term partners... over decades... we dont have to worry about... prepping for a sale'; 'we do not have traditional PE or VC investors that need a quick win - we build companies to last'; 'value... created over multiple cycles rather than a single exit'; decisions 'not to meet quarterly earnings reports or artificial fund deadlines.' Allocator: acquires GovTech/public-safety software - real named portfolio (Permitium [Dax Coan testimonial], Bludot [Sophia Zheng testimonial]). Tech: GovTech software/IT-enabled. Vertical-specific permanent holdco. NOTE: '0+' homepage stats are count-up animation placeholders; real portfolio confirms operating.",tech
raptor-collective,Raptor Collective,founder-first buy-and-hold acquirer of VMS (no named portfolio yet),self_id,"Unlike traditional private equity firms that chase quick returns... we don't sell businesses. Our focus is on building lasting value, always prioritizing the needs of our partners over the need for an exit. ... founder-first, buy-and-hold approach.",https://www.raptorcollective.com/,YES,held_for_review,exa6,"HELD genuineness-pending 2026-06-07. Strong explicit self-ID ('we don't sell businesses... over the need for an exit'; 'buy-and-hold... patient capital'). Real named team (Ziko Abram, Kent Ho, Steven Weller co-founders) + recognizable advisors (Alistair Crane, Yoav Zingher, Jen Zhu Scott). Targets mission-critical B2B VMS $1-10M ARR, 90%+ GRR, majority-100%. BUT: ZERO named acquisitions/portfolio on site -> allocator status UNCONFIRMED (appears pre/early first deal). Verify closed deals before promoting to verified.",tech
pender-software-holdings,Pender Software Holdings,"permanent-capital holdco for niche/vertical software, backed by Pender Growth Fund",self_id,"A permanent home for software companies. We're not here to flip your company for a quick profit. Backed by Pender Growth Fund, we have permanent capital, which means a stable home for your team and that we're invested for the long haul. Our focus is on building great companies and growing value over time - not finding a way out.",https://pendersoftwareholdings.com/,YES,verified,exa6,"Hand-verified on Exa raw markdown of pendersoftwareholdings.com (own homepage). Explicit permanent self-ID: 'A permanent home... not just an exit'; 'We're not here to flip your company for a quick profit. Backed by Pender Growth Fund, we have permanent capital... invested for the long haul... not finding a way out.' Allocator: acquires+operates software businesses ('our operating companies'). Per its OWN page, backed by Pender Growth Fund (PenderFund Capital, Vancouver) - public-fund link asserted on-page, NOT independently verified this turn. Tech: software acquirer. FLAG: no named portfolio shown on page (footprint rests on the public-fund backing) -> med confidence.",tech
software-holdings-au,Software Holdings,family office / long-term holder of bootstrapped profitable software companies (Australia),self_id,"We focus on independent software companies that desire to raise once, get to profitability, and grow sustainably over time. We aim to be long-term holders of these businesses, reinvesting dividends back into growth.",https://www.softwareholdings.com.au/,YES,pending_verification,exa6,"Hand-verified on Exa raw markdown of softwareholdings.com.au (own homepage). Family office: 'partners with bootstrapped and profitable software companies'; 'raise once, get to profitability, and grow sustainably over time. We aim to be long-term holders of these businesses, reinvesting dividends back into growth.' Stats: 50+ yrs advisory, 30+ yrs investing in software, 16+ active portfolio companies (real footprint + longevity). Tech: software. Bootstrapped-founder focus; long-term holder => Permanent (family-office/patient). Australia. CONSISTENCY-FIX 2026-06-07: set pending_verification - '16+ active portfolio companies' is a self-stat with NO externally-verified named portfolio; held to the same named-portfolio standard this turn applied to everroost (a REMOVE candidate). Confirm a named portfolio to promote to verified.",tech
sacramento-labs,Sacramento Labs,"evergreen software studio that builds, owns and operates durable niche-SaaS products for decades (build-to-keep)",self_id,We're not optimizing for exits. We're not chasing unicorn status. We're building to own and operate for decades.,https://sacramentolabs.com/our-philosophy/,YES,verified,exa-studio-2026-06-08,Hand-verified on Exa raw markdown of sacramentolabs.com/our-philosophy (own page). Build-to-keep studio: 'We build the products ourselves-from scratch... We don't hand off. We operate.' Explicit anti-unicorn/no-exit self-ID. Niche $15-50M/yr products too small for VC. Allocator: self-funded company creation + rev-share collabs. Rejects the 'venture studio' LABEL (means it doesn't bet on external teams) but IS systematic build-to-keep creation per our Studio def.,tech
waythor,Waythor,"technology holding group that builds AND holds software companies permanently; no exit timelines, no external investors (build-to-keep)",self_id,"We build and hold software companies with the intention of holding them permanently. Unlike venture capital or private equity, we have no exit timelines and no external investors to satisfy. ... We don't flip companies. We run them. We buy to hold.",https://waythor.com/,YES,verified,exa-studio-2026-06-08,"Hand-verified on Exa raw markdown of waythor.com (own homepage). Named portfolio: Scallin (infra automation), Horigam (creative-ops workflow), Dexotal (studio division). Explicit anti-flip + permanent: 'We don't flip companies. We run them. We buy to hold. No exit timelines.' Taxonomy rule #3 re-eligible studio. Allocator: builds+holds software cos. NOTE: builds AND acquires -> classed Studio per taxonomy designation; Studio<->Permanent borderline.",tech
brooks-keitt,Brooks & Keitt,"self-funded software holding company that builds and operates long-lived products (flagship ProntoID), reinvests cash flow, never sells (no-exit)",self_id,"We build products to operate them - not to sell them. Every product in the house is still run by the company that launched it. ... There's no exit strategy, no pitch deck, and no five-year plan beyond continuing to ship software we're proud of.",https://brookskeitt.com/,YES,verified,exa-studio-2026-06-08,"Hand-verified on Exa raw markdown of brookskeitt.com (own homepage). Sion, Switzerland, est. 2021, 4 products, flagship ProntoID v4.0 (real footprint). Explicit anti-flip: 'Operate, don't flip'; 'No outside investors'; 'no exit strategy... not for sale.' Self-describes 'a holding company - not a studio, not a fund' -> classed PERMANENT (no-exit holdco that BUILDS rather than acquires), NOT Studio, to avoid miscategorization. Off-focus Permanent admitted as a clean stumble-upon, not mined.",tech
peakspan-capital,PeakSpan Capital,"growth equity for capital-efficient Applied-AI B2B software ($3-50M ARR, <$20M raised); explicit anti-unicorn / not growth-at-all-costs",in_disguise,"Scale with discipline and precision, not dogma or the growth-at-all-costs narrative... Don't Go Chasing Unicorns... For entrepreneurs motivated by durability over headlines.",https://www.peakspancapital.com/why-peakspan,YES,verified,exa-smv-2026-06-08,"Hand-verified on Exa raw markdown of peakspancapital.com/why-peakspan. Explicit anti-unicorn on-page: 'Scale with discipline... not the growth-at-all-costs narrative'; philosophy pieces 'Dont Go Chasing Unicorns' + 'Power Law: Why Portfolio Theory Stinks for Most Entrepreneurs.' Deal profile: Applied-AI B2B software $3-15M+ ARR, capital-efficient (75% growth), <$20M raised; 'durability over headlines.' Sub-unicorn outcomes (results $150-500M acquisitions/recaps) = SMV band; 57 partnerships. FLAG: dedicated 'Exit Preparation / PeakSpan Ascent' function + 150+ PE-firm relationships -> exit-driven growth equity (like Edited/Serent); anti-unicorn self-ID real but model seeks medium exits -> in_disguise/med. Tech: Applied-AI B2B software.",tech
lojik-labs,Lojik Labs,"AI-native build-and-own vertical software studio; small-market 'own it' thesis, founder-owned, self-funded",in_disguise,"Vertical software in niches too small for big tech... One engineer runs each product end-to-end... Lojik owns the IP. ... Target TAM per product: $5M-$50M ARR. Big enough to own, small enough to be ignored. ... Self-funded. Founder-owned. No outside capital.",https://wearelojik.com/,YES,verified,exa-studio2-2026-06-08,"Hand-verified on Exa raw markdown of wearelojik.com (own homepage). Build-and-own vertical software studio (Madison/San Diego, founded 2024, self-funded, founder-owned 'No outside capital'). Explicit small-market/anti-unicorn thesis: 'niches too small for big tech... Target TAM $5M-$50M ARR. Big enough to own, small enough to be ignored.' Allocator: builds + owns IP of 11 products (Movee 2.4k users UW-Madison, MediVoz 3 clinics, TheProtocol live App Store 4.7star, Parlay Tracker). Builder-type studio (valid per 2026-06-08 ruling). FLAG: young (2024), many products beta/pilot, small/solo-ish + builder rev-share model -> med conf. Tech: vertical SaaS/AI.",tech
sprinter-studio,Sprinter Studio,ai-venture-studio,self_id,"Traditional startups bet everything on one idea with a big team and a long runway. We run dozens of experiments simultaneously at near-zero cost - and only scale what works. The goal: 1,000+ small, profitable businesses - owned and operated forever.",https://sprinter.studio/,YES,verified,refilter-2026-06-15,Hand-verified on live homepage 2026-06-17. Build-and-own AI venture factory; named SaaS products; 'every number is real and verifiable'.,tech
tolomato,Tolomato,permanent-capital-studio,self_id,Tolomato is a permanent capital holding company. Operator-led. No fund timeline. No exit clock. We compound value through disciplined operations and reinvestment.,https://tolomato.com/,YES,verified,refilter-2026-06-15,"Hand-verified 2026-06-17. Builds from scratch (GoWP, Quickly Hire, the402.ai) and acquires; tech=partial.",tech
rhino-impact-fund,Rhino Impact Fund,impact-vc,self_id,"At Rhino Fund, we don't chase unicorns we build Rhinos: startups that create lasting economic impact in Africa, and beyond. Built to last, not just to exit.",https://rhino.investments/,YES,verified,refilter-2026-06-15,Hand-verified 2026-06-17 (Exa fetch; WebFetch 403). Inaugural Impact Capital. DFI-backed pre-seed/seed impact VC; portfolio Enigma AI / Nil Pay / Tejan.,impact
round2-capital-partners,Round2 Capital Partners,nimble,self_id,"Focus on achieving steady, long-term growth rather than short-term, unsustainable growth",https://round2cap.com/,YES,verified,discovery-2026-06-17,"Task-2 discovery; adversarially re-verified 2026-06-17. 40 named holdings incl. Testbirds, Friendsurance, Nect, EvoluteIQ, Avallain, Phyron, DRACOON, Hoxhunt, Vainu, Klaxoon, Z",tech
cypress-growth-capital,Cypress Growth Capital,nimble,self_id,"Our capital approach does not require a liquidity event for success. Each investment is tailored as flexible, long-term debt with entrepreneur-friendly features specifically designed for emerging companies",https://cypressgrowthcapital.com/,YES,verified,discovery-2026-06-17,"Task-2 discovery; adversarially re-verified 2026-06-17. Active: Veil Sun, Elevate Services Group, Customer Insights.ai, Envoy America, Xcelocloud, AirSight, Barn Owl, PEC360, F",tech
long-term-impact,Long Term Impact,impact-capital,self_id,"We believe that high impact doesn't necessarily mean fast growth. ... We are under no outside pressure to gain a financial return on investment, as we have no Limited Partners.",https://longtermimpact.com/,YES,verified,discovery-2026-06-17,"Task-2 discovery; adversarially re-verified 2026-06-17. Evision Academy, Once, Short Answer, Hilight, Struggly, Reflection Sciences, MathTrack Institute, CoGrader (8 named comp",tech
upright-capital,Upright Capital,smv,self_id,We invest in companies that grow too steadily for venture capital and are too small for traditional private equity yet.,https://upright.capital/,YES,verified,discovery-2026-06-17,"Task-2 discovery; adversarially re-verified 2026-06-17. SES Family, Framna, Shape Games (shown as ""Portfolio Companies""); about page: ""13 Company investments"", ""$0 External fun",tech
sandbox-ventures,Sandbox.Ventures,studio,self_id,100 horses instead of one unicorn. We build a portfolio of practical SaaS products — multiple sustainable successes rather than a single high-risk moonshot.,https://www.sandbox.ventures/,YES,verified,discovery-2026-06-17,"Task-2 discovery; adversarially re-verified 2026-06-17. Nemboks.dk (Danish Digital Post forwarding), Finscale (merchant onboarding/KYC compliance for fintechs), NemSignatur (di",tech
kiko-ventures,Kiko Ventures,permanent,self_id,"the evergreen cleantech venture investor for science based businesses ... permanent capital that provides the flexibility and freedom to invest ... have enduring technological advantage, that can outlast market cycles ... Patient capital for science-based startups",https://kiko.vc/,YES,verified,discovery-2026-06-17,"Task-2 discovery; adversarially re-verified 2026-06-17. AirForestry, Alithic, Barocal, Bramble Energy, C-Capture, First Light Fusion, Hysata, Magnomatics, Mantle8, Mixergy, Nex",tech
blue-footed-investments,Blue Footed Investments,permanent,verified,"""We look for humble, kind people — the kind of operators we'd want to work with for a decade — and we measure ourselves in decades rather than quarters."" / ""We gravitate toward founders who build the same way: disciplined about capital, focused on customers, and resistant to the pressure to grow faster than their business can bear.""",https://bluefootedinvestments.com/,YES,verified,discovery-2026-06-17,"Operator-directed admit 2026-06-17. ~25 named healthtech holdings (Accompany Health, Dialyze Direct, Akido); decades-not-quarters permanent framing. Some ho",tech
inverse-collective,Inverse Collective,studio,in_disguise,"""We build AI evergreen companies that outlast the cycle."" / ""companies that pay for themselves and keep paying."" (home); ""durable software businesses designed to compound for decades, not quarters"" / ""Permanence over momentum"" / ""We invest in things that don't expire."" (about)",https://www.inversecollective.com/,YES,verified,discovery-2026-06-17,"Operator-directed admit 2026-06-17. possible build-and-own AI studio (Elder Voice, JellyPal; solo founder, thin). Flagged in_disguise per operator; class un",tech
enough-ventures,Enough Ventures,impact-capital,self_id,"Our north star isn't building unicorns, it's proving that when you invest in solutions for the many rather than the few, you create both lasting impact and superior returns.",https://www.enoughvc.com/,YES,verified,discovery-2026-06-17,Operator-directed admit 2026-06-17. impact tech fund; redeemable-warrant/RBF; anti-unicorn self-ID. PRE-DEAL (no named fund portfolio yet). Admitted as Impa,tech
soch-holdings,Soch Holdings,permanent,self_id,We are not a fund. We do not raise capital. We have no exit timelines. The freedom to be patient is our most valuable position.,https://sochholdings.com/,YES,verified,discovery-2026-06-17,"Operator-directed admit 2026-06-17. permanent no-exit holdco; anonymous (""we do not publish holdings""), pre-deal/unverifiable footprint. Admitted as-is per ",tech
perpetun,Perpetun,studio,verified,"We think in decades, not quarters. 10+ Year horizon. Perpetun is a holding company and venture studio.",https://perpetun.com/,YES,verified,discovery-2026-06-17,"2026-06-17 operator-directed. build-and-own applied-AI venture studio (Annymo, Calma, Wabaki); anti-PL ""we think in decades, not quarters"" + ""10+ Year",tech
social-tech-ventures,Social Tech Ventures,impact-capital,in_disguise,"We're pioneering an investment approach that unlocks overlooked potential, prioritises ventures addressing inequality, and embraces different paths to venture growth — helping build a fairer, more inclusive economy where growth creates lasting value.",https://www.socialtechventures.vc/,YES,verified,discovery-2026-06-17,"2026-06-17 operator-directed. UK impact-tech fund, RBF+equity, first close done, NO named portfolio (pre-deal). Under Review (no class assigned yet).",tech
savana-fund,Savana Fund,impact-capital,in_disguise,"We manage capital with a generational horizon, not quarterly noise. Patience is a structural advantage. ... We seek founders building enduring infrastructure — not short-cycle consumer hype.",https://savana.fund/,YES,under_review,discovery-2026-06-17,"2026-06-17 operator-directed. Africa tech-native fund, generational-horizon anti-PL, but thesis-only placeholder (no team/AUM/portfolio). Operator uns",tech
movens-capital,Movens Capital,smv-in-disguise,in_disguise,investing EUR0.25-3M in CEE ... tech companies ... building towards EUR50M+ ARR,https://movenscapital.com/,YES,in_disguise,ethan-2026-06-18,"In-disguise SMV per Ethan: structural sub-unicorn (small fund/checks, EUR50M+ ARR target, CEE) despite conventional scaling/exit language. EBRD/PFR LPs; operator-led.",tech
