instrument_id,name,kind,family,mechanics,pioneered_by,examples,pros,cons,evidence_url,evidence_quote,status,notes
revenue-share,Revenue share,generic_category,revenue-linked,Investor provides capital in exchange for a fixed percentage of the company's ongoing gross revenues; payments flex with monthly revenue until a repayment cap is reached.,,"SaaS, direct-to-consumer and e-commerce businesses",Non-dilutive; founders retain full control (no equity given up).,Often more expensive than bank debt; needs existing revenue.,https://en.wikipedia.org/wiki/Revenue-based_financing,investors inject capital (sometimes called an advance) into a business in return for a fixed percentage of ongoing gross revenues,researched,Wikipedia calls the revenue percentage 'royalties'. Verified anchor (Ethan blueprint).
milestone-tranches,Milestone tranches,generic_category,staged,"Committed capital is released in staged portions ('tranches'), each unlocked when the company reaches agreed milestones, funding against progress to reduce risk.",,Staged venture funding; structured finance,Lowers investor risk; disciplines spend against milestones.,Funding uncertainty if milestones slip; admin overhead.,https://en.wikipedia.org/wiki/Tranche,"is one of a number of related securities offered as part of the same transaction. In the financial sense of the word, each bond is a different slice of the deal's risk.",researched,Quote is the general structured-finance sense of 'tranche'; the venture 'milestone tranche' usage = staged release gated on milestones. Verified anchor (Ethan blueprint).
seals,SEALs,named_instrument,earnings-based,"Investor provides upfront capital and later receives a percentage of 'Founder Earnings' (salary + dividends + retained earnings) once a threshold is met, capped at a multiple; no equity, board seats, or fixed repayment schedule.",Earnest Capital / Calm Company Fund (Tyler Tringas),Earnest Capital / Calm Company Fund portfolio,Founder-aligned; no forced growth or exit; founders keep control.,Niche; needs a path to founder earnings/profitability.,https://calmfund.com/shared-earnings-agreement/,"The goal of a SEAL is to align the interests of investors and founders in a wide variety of outcomes, while giving founders full control of their business and keeping as much optionality as possible open for the business",researched,"SEAL = Shared Earnings Agreement, created by Earnest Capital/Tyler Tringas (now Calm Company Fund). Verified anchor (Ethan blueprint)."
royalty-financing,Royalty financing,generic_category,revenue-linked,Capital repaid via a royalty - a percentage of revenue or sales - rather than equity or fixed debt; closely related to revenue-based financing.,,,Non-dilutive; payments scale with sales.,Can be costly; ties up a share of revenue.,https://en.wikipedia.org/wiki/Revenue-based_financing,is a type of financial capital provided to growing businesses in which investors inject capital (sometimes called an advance) into a business in return for a fixed percentage of ongoing gross revenues (called royalties),researched,Wikipedia redirects 'Royalty financing' -> 'Revenue-based financing'; the percentage is literally called 'royalties'. Classic royalty financing can also mean royalties on a specific product/IP - a distinct nuance pending a dedicated source. Verified anchor (Ethan blueprint).
capped-returns,Capped returns,generic_category,capped-equity,"Investor returns are limited to a preset cap - typically a multiple of the original investment (commonly ~1.3x-3x); once the cap is repaid, the obligation ends.",,,Predictable maximum cost to the company; defined (not unlimited) return.,Caps investor upside (unattractive to power-law investors); company still pays the full cap.,https://en.wikipedia.org/wiki/Revenue-based_financing,"Usually, the returns to the investor continue until the initial capital amount, plus a multiple (also known as a cap) is repaid.",researched,"Cap = a multiple of the investment (~1.3x-3x in RBF). The same 'capped return' idea underlies capped-return equity deals (e.g., Indie.vc/Calm) - dedicated source pending. Verified anchor (Ethan blueprint)."
shared-earnings,Shared earnings,generic_category,earnings-based,Repayment is a percentage of 'founder earnings' (profit available to founders) rather than gross revenue or equity; the family of structures underlying the SEAL.,Earnest Capital / Calm Company Fund (Tyler Tringas),SEAL (Shared Earnings Agreement),Aligns to profitability; founder-friendly; no forced exit.,Only works once the company can pay founder earnings.,https://calmfund.com/shared-earnings-agreement/,"The goal of a SEAL is to align the interests of investors and founders in a wide variety of outcomes, while giving founders full control of their business and keeping as much optionality as possible open for the business",researched,"Shared earnings is the repayment mechanic underlying the SEAL (Earnest/Calm, Tyler Tringas); shares a source with the SEALs node. Verified anchor (Ethan blueprint)."
venture-debt,Venture debt,generic_category,debt,"Debt financing for venture-backed companies from specialized banks or non-bank lenders to fund working capital or capex, complementing equity while minimizing dilution; lenders often take warrants.",,"Providers incl. Hercules Capital, TriplePoint Capital, Comerica",Less dilutive than equity; extends runway.,Adds debt obligations; lender warrants give up some upside.,https://en.wikipedia.org/wiki/Venture_debt,Venture debt or venture lending is a type of debt financing provided to venture-backed companies by specialized banks or non-bank lenders to fund working capital or capital expenses,researched,Lenders typically take warrants for 5-20% of loan value (per source). Verified anchor (Ethan blueprint).
comm-warrants,Comm. warrants,generic_category,equity-rights,A warrant gives the holder the right to buy stock at a fixed strike price before expiry; often attached to debt/financing as an equity 'sweetener'.,,Attached to venture debt and bonds as an equity kicker,Lets lenders/investors share upside; lowers borrowing cost.,Dilutive if exercised; adds complexity.,https://en.wikipedia.org/wiki/Warrant_(finance),"a warrant is a security that entitles the holder to buy or sell stock, typically the stock of the issuing company, at a fixed price called the strike price",researched,Commonly attached to venture debt (5-20% of loan value). Verified anchor (Ethan blueprint).
safe-variants,SAFE variants,named_instrument,structured-equity,"A SAFE gives an investor the right to future equity for capital paid now, without setting a share price at signing; converts at a later priced round/liquidity event, usually with a valuation cap and/or discount. Variants include pre-money and post-money SAFEs.",Y Combinator / Carolynn Levy (2013),Y Combinator standard SAFE; post-money SAFE,"Fast, low-cost, founder-friendly alternative to convertible debt.",Stacked SAFEs can dilute founders more than expected.,https://en.wikipedia.org/wiki/Simple_agreement_for_future_equity,"A simple agreement for future equity (SAFE) is an agreement between an investor and a company that provides rights to the investor for future equity in the company similar to a warrant, except without determining a specific price per share at the time of the initial investment.",researched,"Created by Y Combinator (Carolynn Levy), late 2013, as an alternative to convertible notes; pre-money and post-money variants. Verified anchor (Ethan blueprint)."
