instrument_id,instrument_name,provider_entity_id,provider_name,asset_class,description,source_url,evidence_status,notes
revenue_share,Revenue share,tinyseed,TinySeed,SMV,Capital where repayment or investor economics are linked to company revenue.,https://tinyseed.com/,verified_fact,Provider-instrument mapping is seed-level and should be verified against provider pages.
revenue_based_financing,Revenue-based financing,lighter-capital,Lighter Capital,SMV,Repayment tied to revenue or recurring revenue rather than traditional VC equity.,https://www.lightercapital.com/,candidate_evidence,Provider-instrument mapping is seed-level and should be verified against provider pages.
revenue_based_financing,Revenue-based financing,decathlon-capital-partners,Decathlon Capital Partners,SMV,Repayment tied to revenue or recurring revenue rather than traditional VC equity.,https://decathloncapital.com/,candidate_evidence,Provider-instrument mapping is seed-level and should be verified against provider pages.
revenue_based_financing,Revenue-based financing,timia-capital,TIMIA Capital,SMV,Repayment tied to revenue or recurring revenue rather than traditional VC equity.,https://timiacapital.com/,candidate_evidence,Provider-instrument mapping is seed-level and should be verified against provider pages.
revenue_based_financing,Revenue-based financing,flow-capital,Flow Capital,SMV,Repayment tied to revenue or recurring revenue rather than traditional VC equity.,https://flowcap.com/,candidate_evidence,Provider-instrument mapping is seed-level and should be verified against provider pages.
revenue_based_financing,Revenue-based financing,wayflyer,Wayflyer,SMV,Repayment tied to revenue or recurring revenue rather than traditional VC equity.,https://wayflyer.com/,candidate_evidence,Provider-instrument mapping is seed-level and should be verified against provider pages.
revenue_based_financing,Revenue-based financing,clearco,Clearco,SMV,Repayment tied to revenue or recurring revenue rather than traditional VC equity.,https://clear.co/,candidate_evidence,Provider-instrument mapping is seed-level and should be verified against provider pages.
revenue_based_financing,Revenue-based financing,getvantage,GetVantage,SMV,Repayment tied to revenue or recurring revenue rather than traditional VC equity.,https://www.getvantage.co/,candidate_evidence,Provider-instrument mapping is seed-level and should be verified against provider pages.
revenue_based_financing,Revenue-based financing,velocity,Velocity,SMV,Repayment tied to revenue or recurring revenue rather than traditional VC equity.,https://velocity.in/,candidate_evidence,Provider-instrument mapping is seed-level and should be verified against provider pages.
revenue_based_financing,Revenue-based financing,klub,Klub,SMV,Repayment tied to revenue or recurring revenue rather than traditional VC equity.,https://klubworks.com/,candidate_evidence,Provider-instrument mapping is seed-level and should be verified against provider pages.
shared_earnings,Shared earnings,calm-company-fund,Calm Company Fund,Patient Capital,Investor return linked to shared earnings/profit rather than forced exit economics.,https://calmfund.com/,candidate_evidence,Provider-instrument mapping is seed-level and should be verified against provider pages.
shared_earnings,Shared earnings,earnest-capital,Earnest Capital,Patient Capital,Investor return linked to shared earnings/profit rather than forced exit economics.,https://earnestcapital.com/,candidate_evidence,Provider-instrument mapping is seed-level and should be verified against provider pages.
shared_earnings,Shared earnings,indie-vc,Indie.vc,Patient Capital,Investor return linked to shared earnings/profit rather than forced exit economics.,https://www.indie.vc/,candidate_evidence,Provider-instrument mapping is seed-level and should be verified against provider pages.
non_dilutive_capital,Non-dilutive growth capital,founderpath,Founderpath,SMV,Capital positioned around preserving founder ownership while funding growth.,https://founderpath.com/,candidate_evidence,Provider-instrument mapping is seed-level and should be verified against provider pages.
non_dilutive_capital,Non-dilutive growth capital,capchase,Capchase,SMV,Capital positioned around preserving founder ownership while funding growth.,https://www.capchase.com/,candidate_evidence,Provider-instrument mapping is seed-level and should be verified against provider pages.
non_dilutive_capital,Non-dilutive growth capital,uncapped,Uncapped,SMV,Capital positioned around preserving founder ownership while funding growth.,https://www.weareuncapped.com/,candidate_evidence,Provider-instrument mapping is seed-level and should be verified against provider pages.
non_dilutive_capital,Non-dilutive growth capital,braavo-capital,Braavo Capital,LMV,Capital positioned around preserving founder ownership while funding growth.,https://www.getbraavo.com/,candidate_evidence,Provider-instrument mapping is seed-level and should be verified against provider pages.
growth_debt,Growth debt,saas-capital,SaaS Capital,SMV,Debt or structured capital for software companies that do not want or need more equity.,https://www.saas-capital.com/,candidate_evidence,Provider-instrument mapping is seed-level and should be verified against provider pages.
growth_debt,Growth debt,bigfoot-capital,Bigfoot Capital,SMV,Debt or structured capital for software companies that do not want or need more equity.,https://bigfootcap.com/,candidate_evidence,Provider-instrument mapping is seed-level and should be verified against provider pages.
growth_debt,Growth debt,espresso-capital,Espresso Capital,SMV,Debt or structured capital for software companies that do not want or need more equity.,https://www.espressocapital.com/,candidate_evidence,Provider-instrument mapping is seed-level and should be verified against provider pages.
embedded_finance,Embedded platform finance,stripe-capital,Stripe Capital,SMV,"Capital embedded into payments, commerce, or platform workflows.",https://stripe.com/capital,candidate_evidence,Provider-instrument mapping is seed-level and should be verified against provider pages.
embedded_finance,Embedded platform finance,shopify-capital,Shopify Capital,SMV,"Capital embedded into payments, commerce, or platform workflows.",https://www.shopify.com/capital,candidate_evidence,Provider-instrument mapping is seed-level and should be verified against provider pages.
embedded_finance,Embedded platform finance,paypal-working-capital,PayPal Working Capital,SMV,"Capital embedded into payments, commerce, or platform workflows.",https://www.paypal.com/us/business/financial-services/working-capital,candidate_evidence,Provider-instrument mapping is seed-level and should be verified against provider pages.
embedded_finance,Embedded platform finance,youlend,YouLend,SMV,"Capital embedded into payments, commerce, or platform workflows.",https://www.youlend.com/,candidate_evidence,Provider-instrument mapping is seed-level and should be verified against provider pages.
embedded_finance,Embedded platform finance,liberis,Liberis,SMV,"Capital embedded into payments, commerce, or platform workflows.",https://www.liberis.com/,candidate_evidence,Provider-instrument mapping is seed-level and should be verified against provider pages.
embedded_finance,Embedded platform finance,parafin,Parafin,SMV,"Capital embedded into payments, commerce, or platform workflows.",https://www.parafin.com/,candidate_evidence,Provider-instrument mapping is seed-level and should be verified against provider pages.
growth_equity_for_bootstrapped_software,Growth equity for bootstrapped software,dwp-capital,DWP Capital,SMV,"Minority, majority, or flexible growth equity for founder-led, capital-efficient software companies that may not fit classic unicorn VC.",https://dwpcapital.com/,candidate_evidence,Provider-instrument mapping is seed-level and should be verified against provider pages.
growth_equity_for_bootstrapped_software,Growth equity for bootstrapped software,tvc-capital,TVC Capital,SMV,"Minority, majority, or flexible growth equity for founder-led, capital-efficient software companies that may not fit classic unicorn VC.",https://tvccapital.com/fund-focus/,candidate_evidence,Provider-instrument mapping is seed-level and should be verified against provider pages.
growth_equity_for_bootstrapped_software,Growth equity for bootstrapped software,d2-fund,D2 Fund,SMV,"Minority, majority, or flexible growth equity for founder-led, capital-efficient software companies that may not fit classic unicorn VC.",https://www.d2.fund/,candidate_evidence,Provider-instrument mapping is seed-level and should be verified against provider pages.
growth_equity_for_bootstrapped_software,Growth equity for bootstrapped software,seedtwo-capital,SeedTwo Capital,SMV,"Minority, majority, or flexible growth equity for founder-led, capital-efficient software companies that may not fit classic unicorn VC.",https://www.seedtwo.com/,candidate_evidence,Provider-instrument mapping is seed-level and should be verified against provider pages.
growth_equity_for_bootstrapped_software,Growth equity for bootstrapped software,sequel-capital,Sequel Capital,SMV,"Minority, majority, or flexible growth equity for founder-led, capital-efficient software companies that may not fit classic unicorn VC.",https://www.sequel-capital.com/,candidate_evidence,Provider-instrument mapping is seed-level and should be verified against provider pages.
growth_equity_for_bootstrapped_software,Growth equity for bootstrapped software,mainsail-partners,Mainsail Partners,SMV,"Minority, majority, or flexible growth equity for founder-led, capital-efficient software companies that may not fit classic unicorn VC.",https://mainsailpartners.com/,candidate_evidence,Provider-instrument mapping is seed-level and should be verified against provider pages.
growth_equity_for_bootstrapped_software,Growth equity for bootstrapped software,serent-capital,Serent Capital,SMV,"Minority, majority, or flexible growth equity for founder-led, capital-efficient software companies that may not fit classic unicorn VC.",https://serentcapital.com/why-serent/,candidate_evidence,Provider-instrument mapping is seed-level and should be verified against provider pages.
growth_equity_for_bootstrapped_software,Growth equity for bootstrapped software,mamba-growth,Mamba Growth,SMV,"Minority, majority, or flexible growth equity for founder-led, capital-efficient software companies that may not fit classic unicorn VC.",https://www.mambagrowth.com/investment-criteria/,candidate_evidence,Provider-instrument mapping is seed-level and should be verified against provider pages.
growth_equity_for_bootstrapped_software,Growth equity for bootstrapped software,five-elms-capital,Five Elms Capital,SMV,"Minority, majority, or flexible growth equity for founder-led, capital-efficient software companies that may not fit classic unicorn VC.",https://www.fiveelms.com/,candidate_evidence,Provider-instrument mapping is seed-level and should be verified against provider pages.
growth_equity_for_bootstrapped_software,Growth equity for bootstrapped software,elsewhere-partners,Elsewhere Partners,SMV,"Minority, majority, or flexible growth equity for founder-led, capital-efficient software companies that may not fit classic unicorn VC.",https://elsewhere.partners/,candidate_evidence,Provider-instrument mapping is seed-level and should be verified against provider pages.
growth_equity_for_bootstrapped_software,Growth equity for bootstrapped software,sunstone-partners,Sunstone Partners,SMV,"Minority, majority, or flexible growth equity for founder-led, capital-efficient software companies that may not fit classic unicorn VC.",https://sunstonepartners.com/,candidate_evidence,Provider-instrument mapping is seed-level and should be verified against provider pages.
growth_equity_for_bootstrapped_software,Growth equity for bootstrapped software,expedition-growth-capital,Expedition Growth Capital,SMV,"Minority, majority, or flexible growth equity for founder-led, capital-efficient software companies that may not fit classic unicorn VC.",https://expedition.capital/,candidate_evidence,Provider-instrument mapping is seed-level and should be verified against provider pages.
growth_equity_for_bootstrapped_software,Growth equity for bootstrapped software,silversmith-capital-partners,Silversmith Capital Partners,SMV,"Minority, majority, or flexible growth equity for founder-led, capital-efficient software companies that may not fit classic unicorn VC.",https://www.silversmith.com/,candidate_evidence,Provider-instrument mapping is seed-level and should be verified against provider pages.
growth_equity_for_bootstrapped_software,Growth equity for bootstrapped software,level-equity,Level Equity,SMV,"Minority, majority, or flexible growth equity for founder-led, capital-efficient software companies that may not fit classic unicorn VC.",https://www.levelequity.com/,candidate_evidence,Provider-instrument mapping is seed-level and should be verified against provider pages.
permanent_equity,Permanent equity,banyan-software,Banyan Software,Portfolio Capital,Long-duration or no-forced-exit equity ownership.,https://www.banyansoftware.com/,candidate_evidence,Provider-instrument mapping is seed-level and should be verified against provider pages.
permanent_equity,Permanent equity,valsoft,Valsoft,Portfolio Capital,Long-duration or no-forced-exit equity ownership.,https://www.valsoftcorp.com/,candidate_evidence,Provider-instrument mapping is seed-level and should be verified against provider pages.
permanent_equity,Permanent equity,constellation-software,Constellation Software,Portfolio Capital,Long-duration or no-forced-exit equity ownership.,https://www.csisoftware.com/,candidate_evidence,Provider-instrument mapping is seed-level and should be verified against provider pages.
permanent_equity,Permanent equity,arcadea-group,Arcadea Group,Portfolio Capital,Long-duration or no-forced-exit equity ownership.,https://www.arcadeagroup.com/,candidate_evidence,Provider-instrument mapping is seed-level and should be verified against provider pages.
permanent_equity,Permanent equity,tag-software-group,TAG Software Group,Portfolio Capital,Long-duration or no-forced-exit equity ownership.,https://www.tagsoftwaregroup.com/,candidate_evidence,Provider-instrument mapping is seed-level and should be verified against provider pages.
permanent_equity,Permanent equity,permanent-equity,Permanent Equity,Patient Capital,Long-duration or no-forced-exit equity ownership.,https://www.permanentequity.com/,candidate_evidence,Provider-instrument mapping is seed-level and should be verified against provider pages.
permanent_equity,Permanent equity,tiny,Tiny,Portfolio Capital,Long-duration or no-forced-exit equity ownership.,https://www.tiny.com/,candidate_evidence,Provider-instrument mapping is seed-level and should be verified against provider pages.
search_capital,Search capital,pacific-lake-partners,Pacific Lake Partners,Search/ETA,Capital used to fund searchers and acquisitions in ETA/search fund models.,https://www.pacificlake.com/,candidate_evidence,Provider-instrument mapping is seed-level and should be verified against provider pages.
search_capital,Search capital,relay-investments,Relay Investments,Search/ETA,Capital used to fund searchers and acquisitions in ETA/search fund models.,https://www.relayinvestments.com/,candidate_evidence,Provider-instrument mapping is seed-level and should be verified against provider pages.
search_capital,Search capital,anacapa-partners,Anacapa Partners,Search/ETA,Capital used to fund searchers and acquisitions in ETA/search fund models.,https://www.anacapapartners.com/,candidate_evidence,Provider-instrument mapping is seed-level and should be verified against provider pages.
search_capital,Search capital,search-fund-partners,Search Fund Partners,Search/ETA,Capital used to fund searchers and acquisitions in ETA/search fund models.,https://www.searchfunds.net/,candidate_evidence,Provider-instrument mapping is seed-level and should be verified against provider pages.
search_capital,Search capital,next-coast-eta,Next Coast ETA,Search/ETA,Capital used to fund searchers and acquisitions in ETA/search fund models.,https://www.nextcoasteta.com/,candidate_evidence,Provider-instrument mapping is seed-level and should be verified against provider pages.
studio_equity,Studio equity,high-alpha,High Alpha,Portfolio Capital,Equity created through venture studios or company formation platforms.,https://www.highalpha.com/,candidate_evidence,Provider-instrument mapping is seed-level and should be verified against provider pages.
studio_equity,Studio equity,atomic,Atomic,Portfolio Capital,Equity created through venture studios or company formation platforms.,https://atomic.vc/,candidate_evidence,Provider-instrument mapping is seed-level and should be verified against provider pages.
studio_equity,Studio equity,expa,Expa,Portfolio Capital,Equity created through venture studios or company formation platforms.,https://www.expa.com/,candidate_evidence,Provider-instrument mapping is seed-level and should be verified against provider pages.
studio_equity,Studio equity,hexa,Hexa,Portfolio Capital,Equity created through venture studios or company formation platforms.,https://www.hexa.com/,candidate_evidence,Provider-instrument mapping is seed-level and should be verified against provider pages.
studio_equity,Studio equity,founders-factory,Founders Factory,Portfolio Capital,Equity created through venture studios or company formation platforms.,https://foundersfactory.com/,candidate_evidence,Provider-instrument mapping is seed-level and should be verified against provider pages.
studio_equity,Studio equity,fractal-software,Fractal Software,Portfolio Capital,Equity created through venture studios or company formation platforms.,https://www.fractalsoftware.com/,candidate_evidence,Provider-instrument mapping is seed-level and should be verified against provider pages.
