log_op,log_reason,log_timestamp,log_source_csv,entity_id,name,primary_asset_class,secondary_asset_classes,entity_type,website,active_status,source_tier,geography,sector_focus,capital_model,instrument_types,target_company_profile,non_unicorn_thesis,ecosystem_role,fit_score,evidence_status,last_verified_at,notes,lead_id,lead_type,source_urls,discovered_from,target_asset_class,target_entity_type,priority,review_status,created_at
delete_from_entities,obvious non-allocator (article title / tech corp / SaaS product / generic term),2026-05-28T21:49:18+00:00,industry_entities.csv,b2b-bnpl,B2B BNPL,SMV,Unknown Candidate,capital provider / fund / acquirer / platform,https://www.ratiotech.com,unknown,public_web,Unknown,Unknown,Unknown,unknown,capital provider / fund / acquirer / platform,candidate supports industry mapping outside or adjacent to classic unicorn VC,capital provider / fund / acquirer / platform,62,candidate_evidence,2026-05-25,Promoted from entity_intake_queue by intake verification agent; human review required before paper use.,,,,,,,,,
delete_from_entities,obvious non-allocator (article title / tech corp / SaaS product / generic term),2026-05-28T21:49:18+00:00,industry_entities.csv,ai-startup-investment-roundups-2026,AI Startup Investment Roundups 2026,SMV,Unknown Candidate,capital provider / fund / acquirer / platform,https://aifundingtracker.com,unknown,public_web,Unknown,Unknown,Unknown,unknown,capital provider / fund / acquirer / platform,candidate supports industry mapping outside or adjacent to classic unicorn VC,capital provider / fund / acquirer / platform,62,candidate_evidence,2026-05-28,Promoted from entity_intake_queue by intake verification agent; human review required before paper use.,,,,,,,,,
delete_from_entities,obvious non-allocator (article title / tech corp / SaaS product / generic term),2026-05-28T21:49:18+00:00,industry_entities.csv,ifi-patient-capital-manifesto,IFI Patient Capital Manifesto,Patient Capital,Unknown Candidate,patient capital provider / evergreen fund / holding company,https://www.innovative.finance/patient,unknown,public_web,Unknown,Unknown,Unknown,unknown,patient capital provider / evergreen fund / holding company,candidate supports industry mapping outside or adjacent to classic unicorn VC,patient capital provider / evergreen fund / holding company,62,candidate_evidence,2026-05-28,Promoted from entity_intake_queue by intake verification agent; human review required before paper use.,,,,,,,,,
delete_from_entities,obvious non-allocator (article title / tech corp / SaaS product / generic term),2026-05-28T21:49:18+00:00,industry_entities.csv,b2b-software-company-buyers,B2B Software Company Buyers,Portfolio Capital,Unknown Candidate,software acquisition firm,https://softwareexit.com/b2b-software-buyers,unknown,public_web,Unknown,Unknown,Unknown,unknown,software acquisition firm,candidate supports industry mapping outside or adjacent to classic unicorn VC,software acquisition firm,62,candidate_evidence,2026-05-28,Promoted from entity_intake_queue by intake verification agent; human review required before paper use.,,,,,,,,,
delete_from_entities,obvious non-allocator (article title / tech corp / SaaS product / generic term),2026-05-28T21:49:18+00:00,industry_entities.csv,eta,ETA,Search/ETA,Unknown Candidate,software acquisition firm,https://www.searchfund.org/search,unknown,public_web,Unknown,Unknown,Unknown,unknown,software acquisition firm,candidate supports industry mapping outside or adjacent to classic unicorn VC,software acquisition firm,62,candidate_evidence,2026-05-28,Promoted from entity_intake_queue by intake verification agent; human review required before paper use.,,,,,,,,,
delete_from_entities,obvious non-allocator (article title / tech corp / SaaS product / generic term),2026-05-28T21:49:18+00:00,industry_entities.csv,indie-hacker-success-stories-database,Indie Hacker Success Stories Database,LMV,Unknown Candidate,LMV capital provider / indie fund / AI-native micro venture platform,https://www.mrrstory.com/stories,unknown,public_web,Unknown,Unknown,Unknown,unknown,LMV capital provider / indie fund / AI-native micro venture platform,candidate supports industry mapping outside or adjacent to classic unicorn VC,LMV capital provider / indie fund / AI-native micro venture platform,62,candidate_evidence,2026-05-28,Promoted from entity_intake_queue by intake verification agent; human review required before paper use.,,,,,,,,,
delete_from_entities,obvious non-allocator (article title / tech corp / SaaS product / generic term),2026-05-28T21:49:18+00:00,industry_entities.csv,investments,Investments,Sovereign Capital,Unknown Candidate,sovereign or public strategic capital provider,https://www.whitehouse.gov/investments,unknown,public_web,Unknown,Unknown,Unknown,unknown,sovereign or public strategic capital provider,candidate supports industry mapping outside or adjacent to classic unicorn VC,sovereign or public strategic capital provider,62,candidate_evidence,2026-05-28,Promoted from entity_intake_queue by intake verification agent; human review required before paper use.,,,,,,,,,
delete_from_entities,obvious non-allocator (article title / tech corp / SaaS product / generic term),2026-05-28T21:49:18+00:00,industry_entities.csv,roll-up-strategy-2026,Roll-Up Strategy 2026,Search/ETA,Unknown Candidate,venture studio / startup studio / software holding company,https://ctacquisitions.com/roll-up-strategy-guide-2026,unknown,public_web,Unknown,Unknown,Unknown,unknown,venture studio / startup studio / software holding company,candidate supports industry mapping outside or adjacent to classic unicorn VC,venture studio / startup studio / software holding company,62,candidate_evidence,2026-05-28,Promoted from entity_intake_queue by intake verification agent; human review required before paper use.,,,,,,,,,
delete_from_entities,obvious non-allocator (article title / tech corp / SaaS product / generic term),2026-05-28T21:49:18+00:00,industry_entities.csv,saas-valuation-multiples-2026,SaaS Valuation Multiples 2026,SMV,Unknown Candidate,capital provider / fund / acquirer / platform,https://windsordrake.com/saas-valuation-multiples,unknown,public_web,Unknown,Unknown,Unknown,unknown,capital provider / fund / acquirer / platform,candidate supports industry mapping outside or adjacent to classic unicorn VC,capital provider / fund / acquirer / platform,62,candidate_evidence,2026-05-28,Promoted from entity_intake_queue by intake verification agent; human review required before paper use.,,,,,,,,,
delete_from_entities,obvious non-allocator (article title / tech corp / SaaS product / generic term),2026-05-28T21:49:18+00:00,industry_entities.csv,search-fund-resources,Search Fund Resources,Search/ETA,Unknown Candidate,search fund investor / ETA platform / acquisition community,https://smash.vc/search-fund,unknown,public_web,Unknown,Unknown,Unknown,unknown,search fund investor / ETA platform / acquisition community,candidate supports industry mapping outside or adjacent to classic unicorn VC,search fund investor / ETA platform / acquisition community,62,candidate_evidence,2026-05-28,Promoted from entity_intake_queue by intake verification agent; human review required before paper use.,,,,,,,,,
delete_from_entities,obvious non-allocator (article title / tech corp / SaaS product / generic term),2026-05-28T21:49:18+00:00,industry_entities.csv,solo-founder-ai-tools,Solo Founder AI Tools,LMV,Unknown Candidate,LMV capital provider / indie fund / AI-native micro venture platform,https://entrepreneurloop.com/solo-founder-ai-tools,unknown,public_web,Unknown,Unknown,Unknown,unknown,LMV capital provider / indie fund / AI-native micro venture platform,candidate supports industry mapping outside or adjacent to classic unicorn VC,LMV capital provider / indie fund / AI-native micro venture platform,62,candidate_evidence,2026-05-28,Promoted from entity_intake_queue by intake verification agent; human review required before paper use.,,,,,,,,,
delete_from_entities,obvious non-allocator (article title / tech corp / SaaS product / generic term),2026-05-28T21:49:18+00:00,industry_entities.csv,the-quiet-rise-of-profitable-indie-hackers-in-2026,The Quiet Rise of Profitable Indie Hackers in 2026,LMV,Unknown Candidate,LMV capital provider / indie fund / AI-native micro venture platform,https://upstartzen.com/quiet-rise-profitable-indie-hackers,unknown,public_web,Unknown,Unknown,Unknown,unknown,LMV capital provider / indie fund / AI-native micro venture platform,candidate supports industry mapping outside or adjacent to classic unicorn VC,LMV capital provider / indie fund / AI-native micro venture platform,62,candidate_evidence,2026-05-28,Promoted from entity_intake_queue by intake verification agent; human review required before paper use.,,,,,,,,,
delete_from_entities,obvious non-allocator (article title / tech corp / SaaS product / generic term),2026-05-28T21:49:18+00:00,industry_entities.csv,vibe-coding-for-solo-founders-and-indie-hackers,Vibe Coding for Solo Founders and Indie Hackers,LMV,Unknown Candidate,LMV capital provider / indie fund / AI-native micro venture platform,https://vibecodingauthority.com/vibe-coding-for-solo-founders,unknown,public_web,Unknown,Unknown,Unknown,unknown,LMV capital provider / indie fund / AI-native micro venture platform,candidate supports industry mapping outside or adjacent to classic unicorn VC,LMV capital provider / indie fund / AI-native micro venture platform,62,candidate_evidence,2026-05-28,Promoted from entity_intake_queue by intake verification agent; human review required before paper use.,,,,,,,,,
delete_from_entities,obvious non-allocator (article title / tech corp / SaaS product / generic term),2026-05-28T21:49:18+00:00,industry_entities.csv,what-is-a-venture-studio-the-venture-studio-model-explained,What Is a Venture Studio? The Venture Studio Model Explained,Portfolio Capital,Unknown Candidate,venture studio,https://futuresight.ventures/what-is-a-venture-studio,unknown,public_web,Unknown,Unknown,Unknown,unknown,venture studio,candidate supports industry mapping outside or adjacent to classic unicorn VC,venture studio,62,candidate_evidence,2026-05-28,Promoted from entity_intake_queue by intake verification agent; human review required before paper use.,,,,,,,,,
delete_from_entities,obvious non-allocator (article title / tech corp / SaaS product / generic term),2026-05-28T21:49:18+00:00,industry_entities.csv,7-actionable-bootstrapped-saas-success-stories-playbooks-for-2025,7 Actionable Bootstrapped SaaS Success Stories & Playbooks for 2025,LMV,Unknown Candidate,LMV capital provider / indie fund / AI-native micro venture platform,https://saasoperations.com/bootstrapped-saas-success-stories,unknown,public_web,Unknown,Unknown,Unknown,unknown,LMV capital provider / indie fund / AI-native micro venture platform,candidate supports industry mapping outside or adjacent to classic unicorn VC,LMV capital provider / indie fund / AI-native micro venture platform,62,candidate_evidence,2026-05-28,Promoted from entity_intake_queue by intake verification agent; human review required before paper use.,,,,,,,,,
delete_from_entities,obvious non-allocator (article title / tech corp / SaaS product / generic term),2026-05-28T21:49:18+00:00,industry_entities.csv,danantara-sovereign-ai-fund-launching,Danantara Sovereign AI Fund Launching,Sovereign Capital,Unknown Candidate,sovereign or public strategic capital provider,https://blog.hi-fella.com/danantara-sovereign-ai-fund,unknown,public_web,Unknown,Unknown,Unknown,unknown,sovereign or public strategic capital provider,candidate supports industry mapping outside or adjacent to classic unicorn VC,sovereign or public strategic capital provider,62,candidate_evidence,2026-05-28,Promoted from entity_intake_queue by intake verification agent; human review required before paper use.,,,,,,,,,
delete_from_entities,obvious non-allocator (article title / tech corp / SaaS product / generic term),2026-05-28T21:49:18+00:00,industry_entities.csv,software-valuation-multiples,Software Valuation Multiples,SMV,Unknown Candidate,capital provider / fund / acquirer / platform,https://aventis-advisors.com/software-valuation-multiples,unknown,public_web,Unknown,Unknown,Unknown,unknown,capital provider / fund / acquirer / platform,candidate supports industry mapping outside or adjacent to classic unicorn VC,capital provider / fund / acquirer / platform,62,candidate_evidence,2026-05-28,Promoted from entity_intake_queue by intake verification agent; human review required before paper use.,,,,,,,,,
delete_from_entities,obvious non-allocator (article title / tech corp / SaaS product / generic term),2026-05-28T21:49:18+00:00,industry_entities.csv,view-portfolio,view portfolio,Portfolio Capital,Unknown Candidate,directory-listed Portfolio Capital candidate,https://velasoftwaregroup.com/,unknown,public_web,Unknown,Unknown,Unknown,unknown,directory-listed Portfolio Capital candidate,candidate supports industry mapping outside or adjacent to classic unicorn VC,directory-listed Portfolio Capital candidate,62,candidate_evidence,2026-05-28,Promoted from entity_intake_queue by intake verification agent; human review required before paper use.,,,,,,,,,
delete_from_entities,obvious non-allocator (article title / tech corp / SaaS product / generic term),2026-05-28T21:49:18+00:00,industry_entities.csv,hawk-infinity-software,Hawk Infinity Software,SMV,Unknown Candidate,article-listed Portfolio Capital candidate,https://hawkinfinity.com/,unknown,public_web,Unknown,Unknown,Unknown,unknown,article-listed Portfolio Capital candidate,candidate supports industry mapping outside or adjacent to classic unicorn VC,article-listed Portfolio Capital candidate,62,candidate_evidence,2026-05-28,Promoted from entity_intake_queue by intake verification agent; human review required before paper use.,,,,,,,,,
delete_from_entities,obvious non-allocator (article title / tech corp / SaaS product / generic term),2026-05-28T21:49:18+00:00,industry_entities.csv,salesforce,Salesforce,SMV,Unknown Candidate,article-listed Portfolio Capital candidate,https://www.salesforce.com/,unknown,public_web,Unknown,Unknown,Unknown,unknown,article-listed Portfolio Capital candidate,candidate supports industry mapping outside or adjacent to classic unicorn VC,article-listed Portfolio Capital candidate,62,candidate_evidence,2026-05-28,Promoted from entity_intake_queue by intake verification agent; human review required before paper use.,,,,,,,,,
delete_from_entities,obvious non-allocator (article title / tech corp / SaaS product / generic term),2026-05-28T21:49:18+00:00,industry_entities.csv,trustmrr,TrustMRR,LMV,Unknown Candidate,article-listed LMV candidate,https://trustmrr.com/,unknown,public_web,Unknown,Unknown,Unknown,unknown,article-listed LMV candidate,candidate supports industry mapping outside or adjacent to classic unicorn VC,article-listed LMV candidate,62,candidate_evidence,2026-05-28,Promoted from entity_intake_queue by intake verification agent; human review required before paper use.,,,,,,,,,
delete_from_entities,obvious non-allocator (article title / tech corp / SaaS product / generic term),2026-05-28T21:49:18+00:00,industry_entities.csv,baremetrics,Baremetrics,LMV,Unknown Candidate,article-mentioned candidate (target LMV),https://baremetrics.com/,unknown,public_web,Unknown,Unknown,Unknown,unknown,article-mentioned candidate (target LMV),candidate supports industry mapping outside or adjacent to classic unicorn VC,article-mentioned candidate (target LMV),62,candidate_evidence,2026-05-28,Promoted from entity_intake_queue by intake verification agent; human review required before paper use.,,,,,,,,,
demote_to_queue,mega-pe-scope-review,2026-05-28T21:49:18+00:00,industry_entities.csv,blue-owl-capital,Blue Owl Capital,Patient Capital,Unknown Candidate,alternative asset manager,https://www.blueowl.com/,active,public_web,Unknown,Unknown,Unknown,unknown,alternative asset manager,candidate supports industry mapping outside or adjacent to classic unicorn VC,alternative asset manager,62,candidate_evidence,2026-05-28,Promoted from entity_intake_queue by intake verification agent; human review required before paper use.,,,,,,,,,
delete_from_entities,obvious non-allocator (article title / tech corp / SaaS product / generic term),2026-05-28T21:49:18+00:00,industry_entities.csv,bootstrappers,Bootstrappers,LMV,Unknown Candidate,article-mentioned candidate (target LMV),https://bootstrappers.com/,unknown,public_web,Unknown,Unknown,Unknown,unknown,article-mentioned candidate (target LMV),candidate supports industry mapping outside or adjacent to classic unicorn VC,article-mentioned candidate (target LMV),62,candidate_evidence,2026-05-28,Promoted from entity_intake_queue by intake verification agent; human review required before paper use.,,,,,,,,,
demote_to_queue,mega-pe-scope-review,2026-05-28T21:49:18+00:00,industry_entities.csv,golub-capital,Golub Capital,SMV,Unknown Candidate,middle-market direct lender,https://www.golubcapital.com/,active,public_web,Unknown,Unknown,Unknown,unknown,middle-market direct lender,candidate supports industry mapping outside or adjacent to classic unicorn VC,middle-market direct lender,62,candidate_evidence,2026-05-28,Promoted from entity_intake_queue by intake verification agent; human review required before paper use.,,,,,,,,,
delete_from_entities,obvious non-allocator (article title / tech corp / SaaS product / generic term),2026-05-28T21:49:18+00:00,industry_entities.csv,peter-lohmann,Peter Lohmann,SMV,Unknown Candidate,mini-Berkshires commentator + operator,https://www.peterlohmann.com/,active,public_web,Unknown,Unknown,Unknown,unknown,mini-Berkshires commentator + operator,candidate supports industry mapping outside or adjacent to classic unicorn VC,mini-Berkshires commentator + operator,62,candidate_evidence,2026-05-28,Promoted from entity_intake_queue by intake verification agent; human review required before paper use.,,,,,,,,,
delete_from_entities,obvious non-allocator (article title / tech corp / SaaS product / generic term),2026-05-28T21:49:18+00:00,industry_entities.csv,saasplaybook,Saasplaybook,LMV,Unknown Candidate,article-mentioned candidate (target LMV),https://saasplaybook.com/,unknown,public_web,Unknown,Unknown,Unknown,unknown,article-mentioned candidate (target LMV),candidate supports industry mapping outside or adjacent to classic unicorn VC,article-mentioned candidate (target LMV),62,candidate_evidence,2026-05-28,Promoted from entity_intake_queue by intake verification agent; human review required before paper use.,,,,,,,,,
delete_from_entities,obvious non-allocator (article title / tech corp / SaaS product / generic term),2026-05-28T21:49:18+00:00,industry_entities.csv,ibm,IBM,Patient Capital,Unknown Candidate,article-listed Portfolio Capital candidate,https://www.ibm.com/,unknown,public_web,Unknown,Unknown,Unknown,unknown,article-listed Portfolio Capital candidate,candidate supports industry mapping outside or adjacent to classic unicorn VC,article-listed Portfolio Capital candidate,62,candidate_evidence,2026-05-28,Promoted from entity_intake_queue by intake verification agent; human review required before paper use.,,,,,,,,,
delete_from_entities,obvious non-allocator (article title / tech corp / SaaS product / generic term),2026-05-28T21:49:18+00:00,industry_entities.csv,local-government-software,Local Government Software,Patient Capital,Unknown Candidate,capital provider / fund / acquirer / platform,https://opengov.com,unknown,public_web,Unknown,Unknown,Unknown,unknown,capital provider / fund / acquirer / platform,candidate supports industry mapping outside or adjacent to classic unicorn VC,capital provider / fund / acquirer / platform,62,candidate_evidence,2026-05-28,Promoted from entity_intake_queue by intake verification agent; human review required before paper use.,,,,,,,,,
delete_from_entities,obvious non-allocator (article title / tech corp / SaaS product / generic term),2026-05-28T21:49:18+00:00,industry_entities.csv,motorola-solutions,Motorola Solutions,Patient Capital,Unknown Candidate,article-listed Portfolio Capital candidate,https://www.motorolasolutions.com/,unknown,public_web,Unknown,Unknown,Unknown,unknown,article-listed Portfolio Capital candidate,candidate supports industry mapping outside or adjacent to classic unicorn VC,article-listed Portfolio Capital candidate,62,candidate_evidence,2026-05-28,Promoted from entity_intake_queue by intake verification agent; human review required before paper use.,,,,,,,,,
delete_from_entities,obvious non-allocator (article title / tech corp / SaaS product / generic term),2026-05-28T21:49:18+00:00,industry_entities.csv,the-fundless-sponsor-explained,The Fundless Sponsor Explained,Search/ETA,Unknown Candidate,search fund investor / ETA platform / acquisition community,https://1719partners.com/the-fundless-sponsor-how-it-works,unknown,public_web,Unknown,Unknown,Unknown,unknown,search fund investor / ETA platform / acquisition community,candidate supports industry mapping outside or adjacent to classic unicorn VC,search fund investor / ETA platform / acquisition community,62,candidate_evidence,2026-05-28,Promoted from entity_intake_queue by intake verification agent; human review required before paper use.,,,,,,,,,
demote_to_queue,mega-pe-scope-review,2026-05-28T21:49:18+00:00,industry_entities.csv,bain-capital,Bain Capital,Patient Capital,Unknown Candidate,article-listed SMV candidate,https://www.baincapital.com/,unknown,public_web,Unknown,Unknown,Unknown,unknown,article-listed SMV candidate,candidate supports industry mapping outside or adjacent to classic unicorn VC,article-listed SMV candidate,62,candidate_evidence,2026-05-28,Promoted from entity_intake_queue by intake verification agent; human review required before paper use.,,,,,,,,,
delete_from_entities,obvious non-allocator (article title / tech corp / SaaS product / generic term),2026-05-28T21:49:18+00:00,industry_entities.csv,explore-our-saas-m-a-deal-database,Explore Our SaaS M&A Deal Database,Patient Capital,Unknown Candidate,venture studio / startup studio / software holding company,https://softwareequity.com/saas-ma-deal-database,unknown,public_web,Unknown,Unknown,Unknown,unknown,venture studio / startup studio / software holding company,candidate supports industry mapping outside or adjacent to classic unicorn VC,venture studio / startup studio / software holding company,62,candidate_evidence,2026-05-28,Promoted from entity_intake_queue by intake verification agent; human review required before paper use.,,,,,,,,,
delete_from_entities,obvious non-allocator (article title / tech corp / SaaS product / generic term),2026-05-28T21:49:18+00:00,industry_entities.csv,founder-programs,Founder Programs,Patient Capital,Unknown Candidate,capital provider / fund / acquirer / platform,https://500.co/founders,unknown,public_web,Unknown,Unknown,Unknown,unknown,capital provider / fund / acquirer / platform,candidate supports industry mapping outside or adjacent to classic unicorn VC,capital provider / fund / acquirer / platform,62,candidate_evidence,2026-05-28,Promoted from entity_intake_queue by intake verification agent; human review required before paper use.,,,,,,,,,
demote_to_queue,mega-pe-scope-review,2026-05-28T21:49:18+00:00,industry_entities.csv,francisco-partners,Francisco Partners,SMV,Unknown Candidate,article-listed SMV candidate,https://www.franciscopartners.com/,unknown,public_web,Unknown,Unknown,Unknown,unknown,article-listed SMV candidate,candidate supports industry mapping outside or adjacent to classic unicorn VC,article-listed SMV candidate,62,candidate_evidence,2026-05-28,Promoted from entity_intake_queue by intake verification agent; human review required before paper use.,,,,,,,,,
demote_to_queue,mega-pe-scope-review,2026-05-28T21:49:18+00:00,industry_entities.csv,keensight-capital,Keensight Capital,SMV,Unknown Candidate,article-listed SMV candidate,https://keensight.com/,unknown,public_web,Unknown,Unknown,Unknown,unknown,article-listed SMV candidate,candidate supports industry mapping outside or adjacent to classic unicorn VC,article-listed SMV candidate,62,candidate_evidence,2026-05-28,Promoted from entity_intake_queue by intake verification agent; human review required before paper use.,,,,,,,,,
demote_to_queue,mega-pe-scope-review,2026-05-28T21:49:18+00:00,industry_entities.csv,vista-equity-partners,Vista Equity Partners,Patient Capital,Unknown Candidate,article-listed SMV candidate,https://www.vistaequitypartners.com/,unknown,public_web,Unknown,Unknown,Unknown,unknown,article-listed SMV candidate,candidate supports industry mapping outside or adjacent to classic unicorn VC,article-listed SMV candidate,62,candidate_evidence,2026-05-28,Promoted from entity_intake_queue by intake verification agent; human review required before paper use.,,,,,,,,,
delete_from_entities,obvious non-allocator (article title / tech corp / SaaS product / generic term),2026-05-28T21:49:18+00:00,industry_entities.csv,learn-ai-for-entrepreneurs,Learn AI for Entrepreneurs,LMV,Unknown Candidate,LMV capital provider / indie fund / AI-native micro venture platform,https://findskill.ai/learn-ai-for-entrepreneurs,unknown,public_web,Unknown,Unknown,Unknown,unknown,LMV capital provider / indie fund / AI-native micro venture platform,candidate supports industry mapping outside or adjacent to classic unicorn VC,LMV capital provider / indie fund / AI-native micro venture platform,62,candidate_evidence,2026-05-28,Promoted from entity_intake_queue by intake verification agent; human review required before paper use.,,,,,,,,,
delete_from_entities,obvious non-allocator (article title / tech corp / SaaS product / generic term),2026-05-28T21:49:18+00:00,industry_entities.csv,startup-studio-vs-venture-builder,Startup Studio vs Venture Builder,Portfolio Capital,Unknown Candidate,venture studio,https://hidayatrizvi.com/startup-studio-vs-venture-builder,unknown,public_web,Unknown,Unknown,Unknown,unknown,venture studio,candidate supports industry mapping outside or adjacent to classic unicorn VC,venture studio,62,candidate_evidence,2026-05-28,Promoted from entity_intake_queue by intake verification agent; human review required before paper use.,,,,,,,,,
delete_from_entities,obvious non-allocator (article title / tech corp / SaaS product / generic term),2026-05-28T21:49:18+00:00,industry_entities.csv,welcome-to-pathstone,Welcome to Pathstone,Patient Capital,Unknown Candidate,patient capital provider / evergreen fund / holding company,https://pathstone.com,unknown,public_web,Unknown,Unknown,Unknown,unknown,patient capital provider / evergreen fund / holding company,candidate supports industry mapping outside or adjacent to classic unicorn VC,patient capital provider / evergreen fund / holding company,62,candidate_evidence,2026-05-28,Promoted from entity_intake_queue by intake verification agent; human review required before paper use.,,,,,,,,,
delete_from_entities,obvious non-allocator (article title / tech corp / SaaS product / generic term),2026-05-28T21:49:18+00:00,industry_entities.csv,what-is-royalty-financing,What is Royalty Financing?,SMV,Unknown Candidate,capital provider / fund / acquirer / platform,https://startup101.com/what-is-royalty-financing,unknown,public_web,Unknown,Unknown,Unknown,unknown,capital provider / fund / acquirer / platform,candidate supports industry mapping outside or adjacent to classic unicorn VC,capital provider / fund / acquirer / platform,62,candidate_evidence,2026-05-28,Promoted from entity_intake_queue by intake verification agent; human review required before paper use.,,,,,,,,,
delete_from_entities,obvious non-allocator (article title / tech corp / SaaS product / generic term),2026-05-28T21:49:18+00:00,industry_entities.csv,2025-plumbing-industry-report,2025 Plumbing Industry Report,Portfolio Capital,Unknown Candidate,venture studio / startup studio / software holding company,https://www.atlanticcoastbusinessbrokers.com/plumbing-industry-report-2025,unknown,public_web,Unknown,Unknown,Unknown,unknown,venture studio / startup studio / software holding company,candidate supports industry mapping outside or adjacent to classic unicorn VC,venture studio / startup studio / software holding company,62,candidate_evidence,2026-05-28,Promoted from entity_intake_queue by intake verification agent; human review required before paper use.,,,,,,,,,
delete_from_entities,obvious non-allocator (article title / tech corp / SaaS product / generic term),2026-05-28T21:49:18+00:00,industry_entities.csv,cloud-solutions-for-broadcast-ctv-and-fast,"Cloud Solutions for Broadcast, CTV and FAST",Patient Capital,Unknown Candidate,venture studio / startup studio / software holding company,https://www.amagi.com,unknown,public_web,Unknown,Unknown,Unknown,unknown,venture studio / startup studio / software holding company,candidate supports industry mapping outside or adjacent to classic unicorn VC,venture studio / startup studio / software holding company,62,candidate_evidence,2026-05-28,Promoted from entity_intake_queue by intake verification agent; human review required before paper use.,,,,,,,,,
delete_from_entities,obvious non-allocator (article title / tech corp / SaaS product / generic term),2026-05-28T21:49:18+00:00,industry_entities.csv,funded,Funded!,LMV,Unknown Candidate,LMV capital provider / indie fund / AI-native micro venture platform,https://thebootstrappedfounder.com/funded,unknown,public_web,Unknown,Unknown,Unknown,unknown,LMV capital provider / indie fund / AI-native micro venture platform,candidate supports industry mapping outside or adjacent to classic unicorn VC,LMV capital provider / indie fund / AI-native micro venture platform,62,candidate_evidence,2026-05-28,Promoted from entity_intake_queue by intake verification agent; human review required before paper use.,,,,,,,,,
delete_from_entities,obvious non-allocator (article title / tech corp / SaaS product / generic term),2026-05-28T21:49:18+00:00,industry_entities.csv,independent-sponsor-model,Independent Sponsor Model,Search/ETA,Unknown Candidate,search fund investor / ETA platform / acquisition community,https://www.accesscappartners.com/the-independent-sponsor-model,unknown,public_web,Unknown,Unknown,Unknown,unknown,search fund investor / ETA platform / acquisition community,candidate supports industry mapping outside or adjacent to classic unicorn VC,search fund investor / ETA platform / acquisition community,62,candidate_evidence,2026-05-28,Promoted from entity_intake_queue by intake verification agent; human review required before paper use.,,,,,,,,,
delete_from_entities,obvious non-allocator (article title / tech corp / SaaS product / generic term),2026-05-28T21:49:18+00:00,industry_entities.csv,sell-your-micro-saas,Sell Your Micro SaaS,SMV,Unknown Candidate,holding company,https://www.dcoopholdings.com,unknown,public_web,Unknown,Unknown,Unknown,unknown,holding company,candidate supports industry mapping outside or adjacent to classic unicorn VC,holding company,62,candidate_evidence,2026-05-28,Promoted from entity_intake_queue by intake verification agent; human review required before paper use.,,,,,,,,,
delete_from_queue,article title / generic term / podcast / personal name (not capital allocator),2026-05-28T21:49:18+00:00,entity_intake_queue.csv,,Startup Capital With Zero Dilution,,,,https://www.lightercapital.com,unknown,public_web,,,,,,,,,needs_verification,,Public-web discovery result from query: revenue based financing SaaS non dilutive capital providers. Confirm source text before promotion. Intake promotion agent marked duplicate: duplicate entity domain: https://www.lightercapital.com/,intake-web-f182b9978f9c,web_search_result,https://www.lightercapital.com,duckduckgo:target-006-instrument,SMV,capital provider / fund / acquirer / platform,high,duplicate,2026-05-23
delete_from_queue,article title / generic term / podcast / personal name (not capital allocator),2026-05-28T21:49:18+00:00,entity_intake_queue.csv,,AI Startup Investment Roundups 2026,,,,https://aifundingtracker.com,unknown,public_web,,,,,,,,,candidate_evidence,,Public-web discovery result from query: acquisition-first venture fund startups M&A lens. Confirm source text before promotion. Intake promotion agent needs more source support: target class SMV has only 1 source-text bucket signal(s); 2 required Promoted as SMV candidate from https://aifundingtracker.com with 2 source-backed bucket claims. Human review required before paper use.,intake-web-b49428e6bd3a,web_search_result,https://aifundingtracker.com,duckduckgo:target-001-smv,SMV,capital provider / fund / acquirer / platform,high,promoted,2026-05-24
delete_from_queue,article title / generic term / podcast / personal name (not capital allocator),2026-05-28T21:49:18+00:00,entity_intake_queue.csv,,Software Valuation Multiples,,,,https://aventis-advisors.com/software-valuation-multiples,unknown,public_web,,,,,,,,,candidate_evidence,,Public-web discovery result from query: vertical SaaS capital efficient growth equity seed Series A not growth at all costs. Confirm source text before promotion. Intake promotion agent needs more source support: target class SMV has only 1 source-text bucket signal(s); 2 required | Rescue: appended 18 sub-page URLs and requeued. Promoted as SMV candidate from https://aventis-advisors.com/software-valuation-multiples with 3 source-backed bucket claims. Human review required before paper use.,intake-web-7a6b7ebd9dc9,web_search_result,https://aventis-advisors.com/about;https://aventis-advisors.com/about-us;https://aventis-advisors.com/approach;https://aventis-advisors.com/companies;https://aventis-advisors.com/how-we-invest;https://aventis-advisors.com/investment-thesis;https://aventis-advisors.com/investments;https://aventis-advisors.com/our-approach;https://aventis-advisors.com/our-companies;https://aventis-advisors.com/our-strategy;https://aventis-advisors.com/philosophy;https://aventis-advisors.com/portfolio;https://aventis-advisors.com/process;https://aventis-advisors.com/software-valuation-multiples;https://aventis-advisors.com/strategy;https://aventis-advisors.com/team;https://aventis-advisors.com/thesis;https://aventis-advisors.com/what-we-do;https://aventis-advisors.com/why-us,duckduckgo:target-003-smv,SMV,capital provider / fund / acquirer / platform,high,promoted,2026-05-24
delete_from_queue,article title / generic term / podcast / personal name (not capital allocator),2026-05-28T21:49:18+00:00,entity_intake_queue.csv,,B2B BNPL,,,,https://www.ratiotech.com,unknown,public_web,,,,,,,,,candidate_evidence,,Public-web discovery result from query: revenue based financing SaaS non dilutive capital providers. Confirm source text before promotion. Promoted as SMV candidate from https://www.ratiotech.com with 2 source-backed bucket claims. Human review required before paper use.,intake-web-0fb20f2398dd,web_search_result,https://www.ratiotech.com,duckduckgo:target-006-instrument,SMV,capital provider / fund / acquirer / platform,high,promoted,2026-05-24
delete_from_queue,article title / generic term / podcast / personal name (not capital allocator),2026-05-28T21:49:18+00:00,entity_intake_queue.csv,,Buy & Sell Profitable Online Businesses,,,,https://acquire.com,unknown,public_web,,,,,,,,,needs_verification,,Public-web discovery result from query: software holding company acquire bootstrapped SaaS founders permanent home. Confirm source text before promotion. Intake promotion agent marked duplicate: duplicate entity domain: https://acquire.com/,intake-web-c6dc0320b259,web_search_result,https://acquire.com,duckduckgo:target-004-smv,SMV,capital provider / fund / acquirer / platform,high,duplicate,2026-05-24
delete_from_queue,article title / generic term / podcast / personal name (not capital allocator),2026-05-28T21:49:18+00:00,entity_intake_queue.csv,,Local Government Software,,,,https://opengov.com,unknown,public_web,,,,,,,,,candidate_evidence,,Public-web discovery result from query: software holding company acquire bootstrapped SaaS founders permanent home. Confirm source text before promotion. Intake promotion agent needs more source support: no sufficiently specific non-unicorn asset-class fit found; 2 bucket signals required | Rescue: appended 18 sub-page URLs and requeued. Promoted as Patient Capital candidate from https://opengov.com with 3 source-backed bucket claims. Human review required before paper use.,intake-web-d2ae5ba45452,web_search_result,https://opengov.com;https://opengov.com/about;https://opengov.com/about-us;https://opengov.com/approach;https://opengov.com/companies;https://opengov.com/how-we-invest;https://opengov.com/investment-thesis;https://opengov.com/investments;https://opengov.com/our-approach;https://opengov.com/our-companies;https://opengov.com/our-strategy;https://opengov.com/philosophy;https://opengov.com/portfolio;https://opengov.com/process;https://opengov.com/strategy;https://opengov.com/team;https://opengov.com/thesis;https://opengov.com/what-we-do;https://opengov.com/why-us,duckduckgo:target-004-smv,SMV,capital provider / fund / acquirer / platform,high,promoted,2026-05-24
delete_from_queue,article title / generic term / podcast / personal name (not capital allocator),2026-05-28T21:49:18+00:00,entity_intake_queue.csv,,SaaS Valuation Multiples 2026,,,,https://windsordrake.com/saas-valuation-multiples,unknown,public_web,,,,,,,,,candidate_evidence,,Public-web discovery result from query: vertical SaaS capital efficient growth equity seed Series A not growth at all costs. Confirm source text before promotion. Promoted as SMV candidate from https://windsordrake.com/saas-valuation-multiples with 4 source-backed bucket claims. Human review required before paper use.,intake-web-7ddddc8a50cd,web_search_result,https://windsordrake.com/saas-valuation-multiples,duckduckgo:target-003-smv,SMV,capital provider / fund / acquirer / platform,high,promoted,2026-05-25
delete_from_queue,article title / generic term / podcast / personal name (not capital allocator),2026-05-28T21:49:18+00:00,entity_intake_queue.csv,,Patient Capital,,,,https://acumen.org/patient-capital,unknown,public_web,,,,,,,,,needs_verification,,Public-web discovery result from query: patient capital evergreen fund founders no forced exit software. Confirm source text before promotion. Intake promotion agent marked duplicate: duplicate entity domain: https://acumen.org/,intake-web-2737a4b00177,web_search_result,https://acumen.org/patient-capital,duckduckgo:target-007-patient-capital,Patient Capital,patient capital provider / evergreen fund / holding company,high,duplicate,2026-05-25
delete_from_queue,article title / generic term / podcast / personal name (not capital allocator),2026-05-28T21:49:18+00:00,entity_intake_queue.csv,,Solo Founder AI Tools,,,,https://entrepreneurloop.com/solo-founder-ai-tools,unknown,public_web,,,,,,,,,candidate_evidence,,Public-web discovery result from query: indie hacker fund AI micro venture solo founder capital. Confirm source text before promotion. Promoted as LMV candidate from https://entrepreneurloop.com/solo-founder-ai-tools with 5 source-backed bucket claims. Human review required before paper use.,intake-web-855b43aed810,web_search_result,https://entrepreneurloop.com/solo-founder-ai-tools,duckduckgo:target-008-lmv,LMV,LMV capital provider / indie fund / AI-native micro venture platform,medium,promoted,2026-05-26
delete_from_queue,article title / generic term / podcast / personal name (not capital allocator),2026-05-28T21:49:18+00:00,entity_intake_queue.csv,,Search Fund Resources,,,,https://smash.vc/search-fund,unknown,public_web,,,,,,,,,candidate_evidence,,Public-web discovery result from query: search fund investors entrepreneurship through acquisition list. Confirm source text before promotion. Promoted as Search/ETA candidate from https://smash.vc/search-fund with 5 source-backed bucket claims. Human review required before paper use.,intake-web-092a3a7841a1,web_search_result,https://smash.vc/search-fund,duckduckgo:target-009-search-eta,Search/ETA,search fund investor / ETA platform / acquisition community,high,promoted,2026-05-26
delete_from_queue,article title / generic term / podcast / personal name (not capital allocator),2026-05-28T21:49:18+00:00,entity_intake_queue.csv,,What Is a Venture Studio? The Venture Studio Model Explained,,,,https://futuresight.ventures/what-is-a-venture-studio,unknown,public_web,,,,,,,,,candidate_evidence,,Public-web discovery result from query: venture studio startup foundry company builder shared infrastructure. Confirm source text before promotion. Promoted as Portfolio Capital candidate from https://futuresight.ventures/what-is-a-venture-studio with 4 source-backed bucket claims. Human review required before paper use.,intake-web-2bdbbbb15d01,web_search_result,https://futuresight.ventures/what-is-a-venture-studio,duckduckgo:target-010-portfolio-capital,Portfolio Capital,venture studio,high,promoted,2026-05-26
delete_from_queue,article title / generic term / podcast / personal name (not capital allocator),2026-05-28T21:49:18+00:00,entity_intake_queue.csv,,The Quiet Rise of Profitable Indie Hackers in 2026,,,,https://upstartzen.com/quiet-rise-profitable-indie-hackers,unknown,public_web,,,,,,,,,candidate_evidence,,Public-web discovery result from query: indie hacker fund AI micro venture solo founder capital. Confirm source text before promotion. Promoted as LMV candidate from https://upstartzen.com/quiet-rise-profitable-indie-hackers with 3 source-backed bucket claims. Human review required before paper use.,intake-web-83402a0747b1,web_search_result,https://upstartzen.com/quiet-rise-profitable-indie-hackers,duckduckgo:target-008-lmv,LMV,LMV capital provider / indie fund / AI-native micro venture platform,medium,promoted,2026-05-27
delete_from_queue,article title / generic term / podcast / personal name (not capital allocator),2026-05-28T21:49:18+00:00,entity_intake_queue.csv,,Indie Hacker Success Stories Database,,,,https://www.mrrstory.com/stories,unknown,public_web,,,,,,,,,candidate_evidence,,Public-web discovery result from query: indie hacker fund AI micro venture solo founder capital. Confirm source text before promotion. Promoted as LMV candidate from https://www.mrrstory.com/stories with 3 source-backed bucket claims. Human review required before paper use.,intake-web-1b37b6084f6b,web_search_result,https://www.mrrstory.com/stories,duckduckgo:target-008-lmv,LMV,LMV capital provider / indie fund / AI-native micro venture platform,medium,promoted,2026-05-27
delete_from_queue,article title / generic term / podcast / personal name (not capital allocator),2026-05-28T21:49:18+00:00,entity_intake_queue.csv,,ETA,,,,https://www.searchfund.org/search,unknown,public_web,,,,,,,,,candidate_evidence,,Public-web discovery result from query: search fund investors entrepreneurship through acquisition list. Confirm source text before promotion. Intake promotion agent needs more source text: no fetched direct source text available for intake lead Promoted as Search/ETA candidate from https://www.searchfund.org/search with 3 source-backed bucket claims. Human review required before paper use.,intake-web-097d8cea5ddb,web_search_result,https://www.searchfund.org/search,duckduckgo:target-009-search-eta,Search/ETA,software acquisition firm,high,promoted,2026-05-27
delete_from_queue,article title / generic term / podcast / personal name (not capital allocator),2026-05-28T21:49:18+00:00,entity_intake_queue.csv,,Vibe Coding for Solo Founders and Indie Hackers,,,,https://vibecodingauthority.com/vibe-coding-for-solo-founders,unknown,public_web,,,,,,,,,candidate_evidence,,Public Promoted as LMV candidate from https://vibecodingauthority.com/vibe-coding-for-solo-founders with 3 source-backed bucket claims. Human review required before paper use.,intake-web-ec1160eac9cb,web_search_result,https://vibecodingauthority.com/vibe-coding-for-solo-founders,duckduckgo:target-008-lmv,LMV,LMV capital provider / indie fund / AI-native micro venture platform,medium,promoted,2026-05-27
delete_from_queue,article title / generic term / podcast / personal name (not capital allocator),2026-05-28T21:49:18+00:00,entity_intake_queue.csv,,AI SaaS Acquisition Firm from IBM Veterans,,,,https://www.infigos.com/about,unknown,public_web,,,,,,,,,needs_verification,,Public-web discovery result from query: micro private equity SaaS acquisition holding company. Confirm source text before promotion. Intake promotion agent needs more source support: target class SMV has only 1 source-text bucket signal(s); 2 required | Rescue: appended 17 sub-page URLs and requeued.,intake-web-28a3978858ef,web_search_result,https://www.infigos.com/about;https://www.infigos.com/about-us;https://www.infigos.com/approach;https://www.infigos.com/companies;https://www.infigos.com/how-we-invest;https://www.infigos.com/investment-thesis;https://www.infigos.com/investments;https://www.infigos.com/our-approach;https://www.infigos.com/our-companies;https://www.infigos.com/our-strategy;https://www.infigos.com/philosophy;https://www.infigos.com/portfolio;https://www.infigos.com/process;https://www.infigos.com/strategy;https://www.infigos.com/team;https://www.infigos.com/thesis;https://www.infigos.com/what-we-do;https://www.infigos.com/why-us,duckduckgo:target-005-smv,SMV,software acquisition firm,high,needs_more_source,2026-05-28
delete_from_queue,article title / generic term / podcast / personal name (not capital allocator),2026-05-28T21:49:18+00:00,entity_intake_queue.csv,,The Venture Studio Model,,,,https://swiftcapital.vc/venture-studio-model,unknown,public_web,,,,,,,,,needs_verification,,Public-web discovery result from query: venture studio company creation company formation studio equity venture builder vertical saas. Confirm source text before promotion. Intake promotion agent needs more source text: no fetched direct source text available for intake lead | Rescue: appended 18 sub-page URLs and requeued.,intake-web-cd3d166ec57b,web_search_result,https://swiftcapital.vc/about;https://swiftcapital.vc/about-us;https://swiftcapital.vc/approach;https://swiftcapital.vc/companies;https://swiftcapital.vc/how-we-invest;https://swiftcapital.vc/investment-thesis;https://swiftcapital.vc/investments;https://swiftcapital.vc/our-approach;https://swiftcapital.vc/our-companies;https://swiftcapital.vc/our-strategy;https://swiftcapital.vc/philosophy;https://swiftcapital.vc/portfolio;https://swiftcapital.vc/process;https://swiftcapital.vc/strategy;https://swiftcapital.vc/team;https://swiftcapital.vc/thesis;https://swiftcapital.vc/venture-studio-model;https://swiftcapital.vc/what-we-do;https://swiftcapital.vc/why-us,duckduckgo:target-016-portfolio-capital,Portfolio Capital,venture studio,medium,needs_more_source,2026-05-28
delete_from_queue,article title / generic term / podcast / personal name (not capital allocator),2026-05-28T21:49:18+00:00,entity_intake_queue.csv,,The Calm Company Fund Investment Thesis,,,,https://calmfund.com/thesis,unknown,public_web,,,,,,,,,needs_verification,,Public-web discovery result from query: bootstrapped SaaS calm company profitable indie founder community capital revenue. Confirm source text before promotion. Intake promotion agent marked duplicate: duplicate entity domain: https://calmfund.com/,intake-web-6b562d6d8bf4,web_search_result,https://calmfund.com/thesis,duckduckgo:target-023-lmv,LMV,LMV capital provider / indie fund / AI-native micro venture platform,medium,duplicate,2026-05-28
delete_from_queue,article title / generic term / podcast / personal name (not capital allocator),2026-05-28T21:49:18+00:00,entity_intake_queue.csv,,"Wefunder,  ...",,,,https://wefunder.com/calmfund,unknown,public_web,,,,,,,,,needs_verification,,Public-web discovery result from query: bootstrapped SaaS calm company profitable indie founder community capital revenue. Confirm source text before promotion. Intake promotion agent needs more source text: no fetched direct source text available for intake lead | Rescue: appended 18 sub-page URLs and requeued.,intake-web-8d6a9217f42e,web_search_result,https://wefunder.com/about;https://wefunder.com/about-us;https://wefunder.com/approach;https://wefunder.com/calmfund;https://wefunder.com/companies;https://wefunder.com/how-we-invest;https://wefunder.com/investment-thesis;https://wefunder.com/investments;https://wefunder.com/our-approach;https://wefunder.com/our-companies;https://wefunder.com/our-strategy;https://wefunder.com/philosophy;https://wefunder.com/portfolio;https://wefunder.com/process;https://wefunder.com/strategy;https://wefunder.com/team;https://wefunder.com/thesis;https://wefunder.com/what-we-do;https://wefunder.com/why-us,duckduckgo:target-023-lmv,LMV,LMV capital provider / indie fund / AI-native micro venture platform,medium,needs_more_source,2026-05-28
delete_from_queue,article title / generic term / podcast / personal name (not capital allocator),2026-05-28T21:49:18+00:00,entity_intake_queue.csv,,Startup Financing,,,,https://www.lightercapital.com/how-it-works,unknown,public_web,,,,,,,,,needs_verification,,Public-web discovery result from query: revenue based financing alternative venture capital growth founder friendly software. Confirm source text before promotion. Intake promotion agent marked duplicate: duplicate entity domain: https://www.lightercapital.com/,intake-web-097e0745e181,web_search_result,https://www.lightercapital.com/how-it-works,duckduckgo:target-025-smv,SMV,capital provider / fund / acquirer / platform,high,duplicate,2026-05-28
delete_from_queue,article title / generic term / podcast / personal name (not capital allocator),2026-05-28T21:49:18+00:00,entity_intake_queue.csv,,Explore Our SaaS M&A Deal Database,,,,https://softwareequity.com/saas-ma-deal-database,unknown,public_web,,,,,,,,,candidate_evidence,,Public-web discovery result from query: serial software acquirer holding company permanent buyer vertical SaaS B2B. Confirm source text before promotion. Intake promotion agent needs more source support: source text does not directly support the entity role | Rescue: appended 18 sub-page URLs and requeued. Promoted as Patient Capital candidate from https://softwareequity.com/team with 2 source-backed bucket claims. Human review required before paper use.,intake-web-5ea1373d8e10,web_search_result,https://softwareequity.com/about;https://softwareequity.com/about-us;https://softwareequity.com/approach;https://softwareequity.com/companies;https://softwareequity.com/how-we-invest;https://softwareequity.com/investment-thesis;https://softwareequity.com/investments;https://softwareequity.com/our-approach;https://softwareequity.com/our-companies;https://softwareequity.com/our-strategy;https://softwareequity.com/philosophy;https://softwareequity.com/portfolio;https://softwareequity.com/process;https://softwareequity.com/saas-ma-deal-database;https://softwareequity.com/strategy;https://softwareequity.com/team;https://softwareequity.com/thesis;https://softwareequity.com/what-we-do;https://softwareequity.com/why-us,duckduckgo:target-026-portfolio-capital,Portfolio Capital,venture studio / startup studio / software holding company,high,promoted,2026-05-28
delete_from_queue,article title / generic term / podcast / personal name (not capital allocator),2026-05-28T21:49:18+00:00,entity_intake_queue.csv,,SaaS M&A transaction services,,,,https://www.acquiry.com/saas-acquisitions,unknown,public_web,,,,,,,,,needs_verification,,Public-web discovery result from query: serial software acquirer holding company permanent buyer vertical SaaS B2B. Confirm source text before promotion. Intake promotion agent needs more source support: source text does not directly support the entity role | Rescue: appended 18 sub-page URLs and requeued.,intake-web-7c1423d5b2bb,web_search_result,https://www.acquiry.com/about;https://www.acquiry.com/about-us;https://www.acquiry.com/approach;https://www.acquiry.com/companies;https://www.acquiry.com/how-we-invest;https://www.acquiry.com/investment-thesis;https://www.acquiry.com/investments;https://www.acquiry.com/our-approach;https://www.acquiry.com/our-companies;https://www.acquiry.com/our-strategy;https://www.acquiry.com/philosophy;https://www.acquiry.com/portfolio;https://www.acquiry.com/process;https://www.acquiry.com/saas-acquisitions;https://www.acquiry.com/strategy;https://www.acquiry.com/team;https://www.acquiry.com/thesis;https://www.acquiry.com/what-we-do;https://www.acquiry.com/why-us,duckduckgo:target-026-portfolio-capital,Portfolio Capital,venture studio / startup studio / software holding company,high,needs_more_source,2026-05-28
delete_from_queue,article title / generic term / podcast / personal name (not capital allocator),2026-05-28T21:49:18+00:00,entity_intake_queue.csv,,Roll-Up Strategy 2026,,,,https://ctacquisitions.com/roll-up-strategy-guide-2026,unknown,public_web,,,,,,,,,candidate_evidence,,Public-web discovery result from query: roll up acquisition platform SMB services HVAC plumbing dental veterinary. Confirm source text before promotion. Promoted as Search/ETA candidate from https://ctacquisitions.com/roll-up-strategy-guide-2026 with 2 source-backed bucket claims. Human review required before paper use.,intake-web-b90f58647d3f,web_search_result,https://ctacquisitions.com/roll-up-strategy-guide-2026,duckduckgo:target-027-portfolio-capital,Portfolio Capital,venture studio / startup studio / software holding company,medium,promoted,2026-05-28
delete_from_queue,article title / generic term / podcast / personal name (not capital allocator),2026-05-28T21:49:18+00:00,entity_intake_queue.csv,,Investments,,,,https://www.whitehouse.gov/investments,unknown,public_web,,,,,,,,,candidate_evidence,,Public-web discovery result from query: state owned investment fund strategic industrial technology national champion. Confirm source text before promotion. Promoted as Sovereign Capital candidate from https://www.whitehouse.gov/investments with 2 source-backed bucket claims. Human review required before paper use.,intake-web-3fa848ed5f55,web_search_result,https://www.whitehouse.gov/investments,duckduckgo:target-028-sovereign-capital,Sovereign Capital,sovereign or public strategic capital provider,high,promoted,2026-05-28
delete_from_queue,article title / generic term / podcast / personal name (not capital allocator),2026-05-28T21:49:18+00:00,entity_intake_queue.csv,,What Is an Independent Sponsor? 2026 Guide to Fundless Sponsors in M&A,,,,https://ctacquisitions.com/what-is-an-independent-sponsor,unknown,public_web,,,,,,,,,needs_verification,,Public-web discovery result from query: independent sponsor fundless sponsor private equity acquire single business no committed fund. Confirm source text before promotion. Intake promotion agent marked duplicate: duplicate entity domain: https://ctacquisitions.com/roll-up-strategy-guide-2026,intake-web-990c67859580,web_search_result,https://ctacquisitions.com/what-is-an-independent-sponsor,duckduckgo:target-031-search-eta,Search/ETA,search fund investor / ETA platform / acquisition community,medium,duplicate,2026-05-28
delete_from_queue,article title / generic term / podcast / personal name (not capital allocator),2026-05-28T21:49:18+00:00,entity_intake_queue.csv,,Founder Programs,,,,https://500.co/founders,unknown,public_web,,,,,,,,,candidate_evidence,,Public-web discovery result from query: bootcamp accelerator alternative capital revenue financing fellowship founder grant. Confirm source text before promotion. Intake promotion agent needs more source support: source text does not directly support the entity role | Rescue: appended 18 sub-page URLs and requeued. Intake promotion agent needs more source support: source text does not directly support the entity name Promoted as Patient Capital candidate from https://500.co/founders with 6 source-backed bucket claims. Human review required before paper use.,intake-web-2cef458425ec,web_search_result,https://500.co/about;https://500.co/about-us;https://500.co/approach;https://500.co/companies;https://500.co/founders;https://500.co/how-we-invest;https://500.co/investment-thesis;https://500.co/investments;https://500.co/our-approach;https://500.co/our-companies;https://500.co/our-strategy;https://500.co/philosophy;https://500.co/portfolio;https://500.co/process;https://500.co/strategy;https://500.co/team;https://500.co/thesis;https://500.co/what-we-do;https://500.co/why-us,duckduckgo:target-036-smv,SMV,capital provider / fund / acquirer / platform,low,promoted,2026-05-28
delete_from_queue,article title / generic term / podcast / personal name (not capital allocator),2026-05-28T21:49:18+00:00,entity_intake_queue.csv,,FELLOWSHIP,,,,https://www.futurefounders.com/fellowship,unknown,public_web,,,,,,,,,needs_verification,,Public-web discovery result from query: bootcamp accelerator alternative capital revenue financing fellowship founder grant. Confirm source text before promotion. Intake promotion agent needs more source text: no fetched direct source text available for intake lead | Rescue: appended 18 sub-page URLs and requeued.,intake-web-f94805e83d64,web_search_result,https://www.futurefounders.com/about;https://www.futurefounders.com/about-us;https://www.futurefounders.com/approach;https://www.futurefounders.com/companies;https://www.futurefounders.com/fellowship;https://www.futurefounders.com/how-we-invest;https://www.futurefounders.com/investment-thesis;https://www.futurefounders.com/investments;https://www.futurefounders.com/our-approach;https://www.futurefounders.com/our-companies;https://www.futurefounders.com/our-strategy;https://www.futurefounders.com/philosophy;https://www.futurefounders.com/portfolio;https://www.futurefounders.com/process;https://www.futurefounders.com/strategy;https://www.futurefounders.com/team;https://www.futurefounders.com/thesis;https://www.futurefounders.com/what-we-do;https://www.futurefounders.com/why-us,duckduckgo:target-036-smv,SMV,capital provider / fund / acquirer / platform,low,needs_more_source,2026-05-28
delete_from_queue,article title / generic term / podcast / personal name (not capital allocator),2026-05-28T21:49:18+00:00,entity_intake_queue.csv,,7 Actionable Bootstrapped SaaS Success Stories & Playbooks for 2025,,,,https://saasoperations.com/bootstrapped-saas-success-stories,unknown,public_web,,,,,,,,,candidate_evidence,,Public-web discovery result from query: bootstrapped SaaS calm company profitable indie founder community capital revenue. Confirm source text before promotion. Intake promotion agent needs more source text: no fetched direct source text available for intake lead | Rescue: appended 18 sub-page URLs and requeued. Promoted as LMV candidate from https://saasoperations.com/bootstrapped-saas-success-stories with 3 source-backed bucket claims. Human review required before paper use.,intake-web-c2fb2bc26ec0,web_search_result,https://saasoperations.com/about;https://saasoperations.com/about-us;https://saasoperations.com/approach;https://saasoperations.com/bootstrapped-saas-success-stories;https://saasoperations.com/companies;https://saasoperations.com/how-we-invest;https://saasoperations.com/investment-thesis;https://saasoperations.com/investments;https://saasoperations.com/our-approach;https://saasoperations.com/our-companies;https://saasoperations.com/our-strategy;https://saasoperations.com/philosophy;https://saasoperations.com/portfolio;https://saasoperations.com/process;https://saasoperations.com/strategy;https://saasoperations.com/team;https://saasoperations.com/thesis;https://saasoperations.com/what-we-do;https://saasoperations.com/why-us,duckduckgo:target-023-lmv,LMV,LMV capital provider / indie fund / AI-native micro venture platform,medium,promoted,2026-05-28
delete_from_queue,article title / generic term / podcast / personal name (not capital allocator),2026-05-28T21:49:18+00:00,entity_intake_queue.csv,,Salesforce,,,,https://www.salesforce.com/,unknown,public_web,,,,,,,,,candidate_evidence,,Extracted from heading on https://softwareequity.com/top-strategic-buyers (Top strategic software buyers). Verify own-site self-description before promotion. Promoted as SMV candidate from https://www.salesforce.com/ with 3 source-backed bucket claims. Human review required before paper use.,intake-art-597080872190,article_extraction,https://www.salesforce.com/;https://softwareequity.com/top-strategic-buyers,article:softwareequity_top_buyers,Portfolio Capital,article-listed Portfolio Capital candidate,medium,promoted,2026-05-28
delete_from_queue,article title / generic term / podcast / personal name (not capital allocator),2026-05-28T21:49:18+00:00,entity_intake_queue.csv,,ServiceNow,,,,https://www.servicenow.com/,unknown,public_web,,,,,,,,,needs_verification,,Extracted from heading on https://softwareequity.com/top-strategic-buyers (Top strategic software buyers). Verify own-site self-description before promotion. Intake promotion agent needs more source support: source text or URL does not support the entity website/domain,intake-art-d419c6754f26,article_extraction,https://www.servicenow.com/;https://softwareequity.com/top-strategic-buyers,article:softwareequity_top_buyers,Portfolio Capital,article-listed Portfolio Capital candidate,medium,needs_more_source,2026-05-28
delete_from_queue,article title / generic term / podcast / personal name (not capital allocator),2026-05-28T21:49:18+00:00,entity_intake_queue.csv,,Hawk Infinity Software,,,,https://hawkinfinity.com/,unknown,public_web,,,,,,,,,candidate_evidence,,Extracted from heading on https://softwareequity.com/top-strategic-buyers (Top strategic software buyers). Verify own-site self-description before promotion. Promoted as SMV candidate from https://hawkinfinity.com/ with 2 source-backed bucket claims. Human review required before paper use.,intake-art-2e55a6da1a31,article_extraction,https://hawkinfinity.com/;https://softwareequity.com/top-strategic-buyers,article:softwareequity_top_buyers,Portfolio Capital,article-listed Portfolio Capital candidate,medium,promoted,2026-05-28
delete_from_queue,article title / generic term / podcast / personal name (not capital allocator),2026-05-28T21:49:18+00:00,entity_intake_queue.csv,,IBM,,,,https://www.ibm.com/,unknown,public_web,,,,,,,,,candidate_evidence,,Extracted from heading on https://softwareequity.com/top-strategic-buyers (Top strategic software buyers). Verify own-site self-description before promotion. Intake promotion agent needs more source support: source text or URL does not support the entity website/domain Promoted as Patient Capital candidate from https://www.ibm.com/ with 5 source-backed bucket claims. Human review required before paper use.,intake-art-678772a3d5e3,article_extraction,https://www.ibm.com/;https://softwareequity.com/top-strategic-buyers,article:softwareequity_top_buyers,Portfolio Capital,article-listed Portfolio Capital candidate,medium,promoted,2026-05-28
delete_from_queue,article title / generic term / podcast / personal name (not capital allocator),2026-05-28T21:49:18+00:00,entity_intake_queue.csv,,Motorola Solutions,,,,https://www.motorolasolutions.com/,unknown,public_web,,,,,,,,,candidate_evidence,,Extracted from heading on https://softwareequity.com/top-strategic-buyers (Top strategic software buyers). Verify own-site self-description before promotion. Intake promotion agent needs more source support: source text or URL does not support the entity website/domain Promoted as Patient Capital candidate from https://www.motorolasolutions.com/ with 5 source-backed bucket claims. Human review required before paper use.,intake-art-1c6f7f29eefd,article_extraction,https://www.motorolasolutions.com/;https://softwareequity.com/top-strategic-buyers,article:softwareequity_top_buyers,Portfolio Capital,article-listed Portfolio Capital candidate,medium,promoted,2026-05-28
delete_from_queue,article title / generic term / podcast / personal name (not capital allocator),2026-05-28T21:49:18+00:00,entity_intake_queue.csv,,TrustMRR,,,,https://trustmrr.com/,unknown,public_web,,,,,,,,,candidate_evidence,,Extracted from heading on https://alignify.co/insights/indie-hackers (Indie hacker bootstrapped success stories 2026). Verify own-site self-description before promotion. Promoted as LMV candidate from https://alignify.co/insights/indie-hackers with 6 source-backed bucket claims. Human review required before paper use.,intake-art-86abd57f0148,article_extraction,https://trustmrr.com/;https://alignify.co/insights/indie-hackers,article:alignify_indie_hackers,LMV,article-listed LMV candidate,medium,promoted,2026-05-28
delete_from_queue,article title / generic term / podcast / personal name (not capital allocator),2026-05-28T21:49:18+00:00,entity_intake_queue.csv,,Hacker News,,,,https://news.ycombinator.com/,unknown,public_web,,,,,,,,,needs_verification,,Extracted from heading on https://alignify.co/insights/indie-hackers (Indie hacker bootstrapped success stories 2026). Verify own-site self-description before promotion. Intake promotion agent needs more source support: source text or URL does not support the entity website/domain,intake-art-a6c2fa652ace,article_extraction,https://news.ycombinator.com/;https://alignify.co/insights/indie-hackers,article:alignify_indie_hackers,LMV,article-listed LMV candidate,medium,needs_more_source,2026-05-28
delete_from_queue,article title / generic term / podcast / personal name (not capital allocator),2026-05-28T21:49:18+00:00,entity_intake_queue.csv,,Learn AI for Entrepreneurs,,,,https://findskill.ai/learn-ai-for-entrepreneurs,unknown,public_web,,,,,,,,,candidate_evidence,,Public-web discovery result from query: indie hacker fund AI micro venture solo founder capital. Confirm source text before promotion. Intake promotion agent needs more source text: no fetched direct source text available for intake lead Promoted as LMV candidate from https://findskill.ai/learn-ai-for-entrepreneurs with 5 source-backed bucket claims. Human review required before paper use.,intake-web-965003c60c1a,web_search_result,https://findskill.ai/learn-ai-for-entrepreneurs,duckduckgo:target-008-lmv,LMV,LMV capital provider / indie fund / AI-native micro venture platform,medium,promoted,2026-05-28
delete_from_queue,article title / generic term / podcast / personal name (not capital allocator),2026-05-28T21:49:18+00:00,entity_intake_queue.csv,,What Is Employee Ownership? A Guide for Business Owners,,,,https://bakerproject.org/esop-for-business-owners,unknown,public_web,,,,,,,,,needs_verification,,Public-web discovery result from query: employee ownership acquire small business patient capital convert ESOP SMB owners sell business. Confirm source text before promotion. Intake promotion agent needs more source text: no fetched direct source text available for intake lead,intake-web-f1d90a7ea295,web_search_result,https://bakerproject.org/esop-for-business-owners,duckduckgo:target-017-search-eta,Search/ETA,search fund investor / ETA platform / acquisition community,medium,needs_more_source,2026-05-28
delete_from_queue,article title / generic term / podcast / personal name (not capital allocator),2026-05-28T21:49:18+00:00,entity_intake_queue.csv,,Youth Entrepreneurship Programming,,,,https://www.futurefounders.com,unknown,public_web,,,,,,,,,needs_verification,,Public-web discovery result from query: bootcamp accelerator alternative capital revenue financing fellowship founder grant. Confirm source text before promotion. Intake promotion agent needs more source text: no fetched direct source text available for intake lead,intake-web-2d709d24a68f,web_search_result,https://www.futurefounders.com,duckduckgo:target-036-smv,SMV,capital provider / fund / acquirer / platform,low,needs_more_source,2026-05-28
delete_from_queue,article title / generic term / podcast / personal name (not capital allocator),2026-05-28T21:49:18+00:00,entity_intake_queue.csv,,Who We Are,,,,https://www.searchfundaccelerator.com/intro,unknown,public_web,,,,,,,,,needs_verification,,Public-web discovery result from query: search fund accelerator institutional investors first time CEO operator acquisition. Confirm source text before promotion. Intake promotion agent marked duplicate: duplicate entity domain: https://www.searchfundaccelerator.com,intake-web-2a4d2ca6d814,web_search_result,https://www.searchfundaccelerator.com/intro,duckduckgo:target-030-search-eta,Search/ETA,search fund investor / ETA platform / acquisition community,medium,duplicate,2026-05-28
delete_from_queue,article title / generic term / podcast / personal name (not capital allocator),2026-05-28T21:49:18+00:00,entity_intake_queue.csv,,Acquisition Criteria,,,,https://www.csiandromeda.com/acquisition-criteria,unknown,public_web,,,,,,,,,needs_verification,,Public-web discovery result from query: software holding company acquire bootstrapped SaaS founders permanent home. Confirm source text before promotion. Intake promotion agent needs more source text: no fetched direct source text available for intake lead Intake promotion agent marked duplicate: duplicate entity domain: https://www.csiandromeda.com,intake-web-fa45d466576c,web_search_result,https://www.csiandromeda.com/acquisition-criteria,duckduckgo:target-004-smv,SMV,software acquisition firm,high,duplicate,2026-05-28
delete_from_queue,article title / generic term / podcast / personal name (not capital allocator),2026-05-28T21:49:18+00:00,entity_intake_queue.csv,,Startup Studio vs Venture Builder,,,,https://hidayatrizvi.com/startup-studio-vs-venture-builder,unknown,public_web,,,,,,,,,candidate_evidence,,Public-web discovery result from query: venture studio startup foundry company builder shared infrastructure. Confirm source text before promotion. Intake promotion agent needs more source text: no fetched direct source text available for intake lead Promoted as Portfolio Capital candidate from https://hidayatrizvi.com/startup-studio-vs-venture-builder with 3 source-backed bucket claims. Human review required before paper use.,intake-web-cbbd709c313e,web_search_result,https://hidayatrizvi.com/startup-studio-vs-venture-builder,duckduckgo:target-010-portfolio-capital,Portfolio Capital,venture studio,high,promoted,2026-05-28
delete_from_queue,article title / generic term / podcast / personal name (not capital allocator),2026-05-28T21:49:18+00:00,entity_intake_queue.csv,,Steward Ownership,,,,https://www.impactterms.org/steward-ownership,unknown,public_web,,,,,,,,,needs_verification,,Public-web discovery result from query: steward ownership trust foundation perpetual purpose company employee owned mission lock. Confirm source text before promotion. Intake promotion agent needs more source text: no fetched direct source text available for intake lead,intake-web-0a9e452908c1,web_search_result,https://www.impactterms.org/steward-ownership,duckduckgo:target-021-patient-capital,Patient Capital,patient capital provider / evergreen fund / holding company,medium,needs_more_source,2026-05-28
delete_from_queue,article title / generic term / podcast / personal name (not capital allocator),2026-05-28T21:49:18+00:00,entity_intake_queue.csv,,Founder Fellowship,,,,https://edc.nyc/founder-fellowship,unknown,public_web,,,,,,,,,needs_verification,,Public-web discovery result from query: bootcamp accelerator alternative capital revenue financing fellowship founder grant. Confirm source text before promotion. Intake promotion agent needs more source text: no fetched direct source text available for intake lead,intake-web-11ecc4d474ef,web_search_result,https://edc.nyc/founder-fellowship,duckduckgo:target-036-smv,SMV,capital provider / fund / acquirer / platform,low,needs_more_source,2026-05-28
delete_from_queue,article title / generic term / podcast / personal name (not capital allocator),2026-05-28T21:49:18+00:00,entity_intake_queue.csv,,2025 Plumbing Industry Report,,,,https://www.atlanticcoastbusinessbrokers.com/plumbing-industry-report-2025,unknown,public_web,,,,,,,,,candidate_evidence,,Public-web discovery result from query: roll up acquisition platform SMB services HVAC plumbing dental veterinary. Confirm source text before promotion. Intake promotion agent needs more source text: no fetched direct source text available for intake lead Promoted as Portfolio Capital candidate from https://www.atlanticcoastbusinessbrokers.com/plumbing-industry-report-2025 with 3 source-backed bucket claims. Human review required before paper use.,intake-web-0becd8790f80,web_search_result,https://www.atlanticcoastbusinessbrokers.com/plumbing-industry-report-2025,duckduckgo:target-027-portfolio-capital,Portfolio Capital,venture studio / startup studio / software holding company,medium,promoted,2026-05-28
delete_from_queue,article title / generic term / podcast / personal name (not capital allocator),2026-05-28T21:49:18+00:00,entity_intake_queue.csv,,Funded!,,,,https://thebootstrappedfounder.com/funded,unknown,public_web,,,,,,,,,candidate_evidence,,Public-web discovery result from query: bootstrapped SaaS calm company profitable indie founder community capital revenue. Confirm source text before promotion. Intake promotion agent needs more source text: no fetched direct source text available for intake lead Promoted as LMV candidate from https://thebootstrappedfounder.com/funded with 5 source-backed bucket claims. Human review required before paper use.,intake-web-d5e92aa2a735,web_search_result,https://thebootstrappedfounder.com/funded,duckduckgo:target-023-lmv,LMV,LMV capital provider / indie fund / AI-native micro venture platform,medium,promoted,2026-05-28
delete_from_queue,article title / generic term / podcast / personal name (not capital allocator),2026-05-28T21:49:18+00:00,entity_intake_queue.csv,,What is Royalty Financing?,,,,https://startup101.com/what-is-royalty-financing,unknown,public_web,,,,,,,,,candidate_evidence,,Public-web discovery result from query: royalty financing music film startup non-dilutive revenue share capital provider. Confirm source text before promotion. Intake promotion agent needs more source text: no fetched direct source text available for intake lead Promoted as SMV candidate from https://startup101.com/what-is-royalty-financing with 2 source-backed bucket claims. Human review required before paper use.,intake-web-9557586a0a61,web_search_result,https://startup101.com/what-is-royalty-financing,duckduckgo:target-024-smv,SMV,capital provider / fund / acquirer / platform,medium,promoted,2026-05-28
delete_from_queue,article title / generic term / podcast / personal name (not capital allocator),2026-05-28T21:49:18+00:00,entity_intake_queue.csv,,The Fundless Sponsor Explained,,,,https://1719partners.com/the-fundless-sponsor-how-it-works,unknown,public_web,,,,,,,,,candidate_evidence,,Public-web discovery result from query: independent sponsor fundless sponsor private equity acquire single business no committed fund. Confirm source text before promotion. Intake promotion agent needs more source text: no fetched direct source text available for intake lead Promoted as Search/ETA candidate from https://1719partners.com/the-fundless-sponsor-how-it-works with 5 source-backed bucket claims. Human review required before paper use.,intake-web-803c54fa7471,web_search_result,https://1719partners.com/the-fundless-sponsor-how-it-works,duckduckgo:target-031-search-eta,Search/ETA,search fund investor / ETA platform / acquisition community,medium,promoted,2026-05-28
delete_from_queue,article title / generic term / podcast / personal name (not capital allocator),2026-05-28T21:49:18+00:00,entity_intake_queue.csv,,SEC.gov,,,,https://www.sec.gov/search-filings,unknown,public_web,,,,,,,,,needs_verification,,Public-web discovery result from query: permanent equity holding company acquire SMB software services no exit forever. Confirm source text before promotion. Intake promotion agent needs more source text: no fetched direct source text available for intake lead,intake-web-e59037423ec0,web_search_result,https://www.sec.gov/search-filings,duckduckgo:target-020-patient-capital,Patient Capital,patient capital provider / evergreen fund / holding company,high,needs_more_source,2026-05-28
delete_from_queue,article title / generic term / podcast / personal name (not capital allocator),2026-05-28T21:49:18+00:00,entity_intake_queue.csv,,Bootstrapped SaaS The Complete Founder's Playbook,,,,https://saasoperations.com/bootstrapped-saas,unknown,public_web,,,,,,,,,needs_verification,,Public-web discovery result from query: bootstrapped SaaS calm company profitable indie founder community capital revenue. Confirm source text before promotion. Intake promotion agent marked duplicate: duplicate entity domain: https://saasoperations.com/bootstrapped-saas-success-stories,intake-web-66b8b24df937,web_search_result,https://saasoperations.com/bootstrapped-saas,duckduckgo:target-023-lmv,LMV,LMV capital provider / indie fund / AI-native micro venture platform,medium,duplicate,2026-05-28
delete_from_queue,article title / generic term / podcast / personal name (not capital allocator),2026-05-28T21:49:18+00:00,entity_intake_queue.csv,,Independent Sponsor Model,,,,https://www.accesscappartners.com/the-independent-sponsor-model,unknown,public_web,,,,,,,,,candidate_evidence,,Public-web discovery result from query: independent sponsor fundless sponsor private equity acquire single business no committed fund. Confirm source text before promotion. Intake promotion agent needs more source text: no fetched direct source text available for intake lead Promoted as Search/ETA candidate from https://www.accesscappartners.com/the-independent-sponsor-model with 2 source-backed bucket claims. Human review required before paper use.,intake-web-63b588485392,web_search_result,https://www.accesscappartners.com/the-independent-sponsor-model,duckduckgo:target-031-search-eta,Search/ETA,search fund investor / ETA platform / acquisition community,medium,promoted,2026-05-28
delete_from_queue,article title / generic term / podcast / personal name (not capital allocator),2026-05-28T21:49:18+00:00,entity_intake_queue.csv,,The Independent Sponsor Model or Fundless Sponsor Model,,,,https://www.fundlesssponsorcapital.com/the-independent-sponsor-model,unknown,public_web,,,,,,,,,candidate_evidence,,Public-web discovery result from query: independent sponsor fundless sponsor private equity acquire single business no committed fund. Confirm source text before promotion. Intake promotion agent needs more source text: no fetched direct source text available for intake lead Promoted as Search/ETA candidate from https://www.fundlesssponsorcapital.com/the-independent-sponsor-model with 2 source-backed bucket claims. Human review required before paper use.,intake-web-673f6ee93ca2,web_search_result,https://www.fundlesssponsorcapital.com/the-independent-sponsor-model,duckduckgo:target-031-search-eta,Search/ETA,search fund investor / ETA platform / acquisition community,medium,promoted,2026-05-28
