lead_id,name,lead_type,website,source_urls,discovered_from,target_asset_class,target_entity_type,active_status,source_tier,priority,evidence_status,review_status,created_at,notes,__purge_reason
intake-web-0a541f535a9a,Evergreenfund,web_search_result,https://www.evergreenfund.life,https://www.evergreenfund.life;https://www.evergreenfund.life/about;https://www.evergreenfund.life/about-us;https://www.evergreenfund.life/approach;https://www.evergreenfund.life/companies;https://www.evergreenfund.life/how-we-invest;https://www.evergreenfund.life/investment-thesis;https://www.evergreenfund.life/investments;https://www.evergreenfund.life/our-approach;https://www.evergreenfund.life/our-companies;https://www.evergreenfund.life/our-strategy;https://www.evergreenfund.life/philosophy;https://www.evergreenfund.life/portfolio;https://www.evergreenfund.life/process;https://www.evergreenfund.life/strategy;https://www.evergreenfund.life/team;https://www.evergreenfund.life/thesis;https://www.evergreenfund.life/what-we-do;https://www.evergreenfund.life/why-us,duckduckgo:target-007-patient-capital,Patient Capital,patient capital provider / evergreen fund / holding company,unknown,public_web,high,needs_verification,needs_more_source,2026-05-26,Public-web discovery result from query: patient capital evergreen fund founders no forced exit software. Confirm source text before promotion. Intake promotion agent needs more source support: source text does not directly support the entity name Intake promotion agent needs more source text: no fetched direct source text available for intake lead | Rescue: appended 18 sub-page URLs and requeued.,"audit2026-05-29: junk_not_allocator | other | Homepage: 'Evergreen Fund is the parent organization to innovative treatment and recovery companies, including world-cla"
intake-web-139e4956c4ab,The Venture Studio,web_search_result,https://www.theventurestudio.co,https://www.theventurestudio.co;https://www.theventurestudio.co/about;https://www.theventurestudio.co/about-us;https://www.theventurestudio.co/approach;https://www.theventurestudio.co/companies;https://www.theventurestudio.co/how-we-invest;https://www.theventurestudio.co/investment-thesis;https://www.theventurestudio.co/investments;https://www.theventurestudio.co/our-approach;https://www.theventurestudio.co/our-companies;https://www.theventurestudio.co/our-strategy;https://www.theventurestudio.co/philosophy;https://www.theventurestudio.co/portfolio;https://www.theventurestudio.co/process;https://www.theventurestudio.co/strategy;https://www.theventurestudio.co/team;https://www.theventurestudio.co/thesis;https://www.theventurestudio.co/what-we-do;https://www.theventurestudio.co/why-us,duckduckgo:target-010-portfolio-capital,Portfolio Capital,venture studio,unknown,public_web,high,needs_verification,needs_more_source,2026-05-27,Public-web discovery result from query: venture studio startup foundry company builder shared infrastructure. Confirm source text before promotion. Intake promotion agent needs more source support: target class Portfolio Capital has only 1 source-text bucket signal(s); 2 required | Rescue: appended 18 sub-page URLs and requeued. Intake promotion agent needs more source text: no fetched direct source text available for intake lead,"audit2026-05-29: junk_not_allocator | consultancy_or_advisor | Homepage: 'We help founders, enterprises, and institutions build startups, DPI platforms, and global capability centers "
intake-web-6a3734baca40,Venture Studio Forum,web_search_result,https://venturestudioforum.org,https://venturestudioforum.org;https://venturestudioforum.org/about;https://venturestudioforum.org/about-us;https://venturestudioforum.org/approach;https://venturestudioforum.org/companies;https://venturestudioforum.org/how-we-invest;https://venturestudioforum.org/investment-thesis;https://venturestudioforum.org/investments;https://venturestudioforum.org/our-approach;https://venturestudioforum.org/our-companies;https://venturestudioforum.org/our-strategy;https://venturestudioforum.org/philosophy;https://venturestudioforum.org/portfolio;https://venturestudioforum.org/process;https://venturestudioforum.org/strategy;https://venturestudioforum.org/team;https://venturestudioforum.org/thesis;https://venturestudioforum.org/what-we-do;https://venturestudioforum.org/why-us,duckduckgo:target-010-portfolio-capital,Portfolio Capital,venture studio,unknown,public_web,high,needs_verification,needs_more_source,2026-05-28,Public-web discovery result from query: venture studio startup foundry company builder shared infrastructure. Confirm source text before promotion. Intake promotion agent needs more source support: target class Portfolio Capital has only 1 source-text bucket signal(s); 2 required | Rescue: appended 18 sub-page URLs and requeued.,"audit2026-05-29: junk_not_allocator | network_or_membership | Homepage: 'The Venture Studio Forum serves as the central hub for the venture studio ecosystem, advancing industry stand"
intake-manual-42122dc05f01,Avante Capital,manual_curation,https://avantecapital.com/,https://avantecapital.com/,manual:claude_curation_2026-05-28,Search/ETA,independent sponsor,active,public_web,high,needs_verification,needs_more_source,2026-05-28,Manually curated 2026-05-28 from WebSearch and domain knowledge of non-unicorn capital. Independent sponsor model — deal-by-deal acquirer. Intake promotion agent needs more source support: source text does not directly support the entity role,audit2026-05-29: junk_not_allocator | consultancy_or_advisor | avantecapital.com homepage self-describes as 'Strategic Business Services Across the Americas and Beyond' — a Toronto ad
intake-manual-590104faa3fa,Embrace Software,manual_curation,https://www.embracesoftware.com/,https://www.embracesoftware.com/,manual:claude_curation_2026-05-28,Portfolio Capital,niche SaaS acquirer,active,public_web,high,needs_verification,needs_more_source,2026-05-28,Manually curated 2026-05-28 from WebSearch and domain knowledge of non-unicorn capital. Acquires niche vertical-SaaS and on-premise software. Intake promotion agent needs more source text: no fetched direct source text available for intake lead,"audit2026-05-29: junk_not_allocator | product_or_saas | embracesoftware.com belongs to the K-12 special-education SaaS firm in Highland, Illinois (founded 1999), self-describin"
intake-manual-d9ab05cb0718,Tern Group,manual_curation,https://wearetern.com/,https://wearetern.com/,manual:claude_curation_2026-05-28,Portfolio Capital,UK VMS acquirer,active,public_web,high,needs_verification,needs_more_source,2026-05-28,Manually curated 2026-05-28 from WebSearch and domain knowledge of non-unicorn capital. Deal-by-deal UK vertical-market-software acquirer. Intake promotion agent needs more source text: no fetched direct source text available for intake lead,"audit2026-05-29: junk_not_allocator | network_or_membership | wearetern.com is TERN — The Entrepreneurial Refugee Network, a UK non-profit social enterprise with a 'mission to enable"
intake-curated2-cc6839ee808a,John Lewis Partnership,manual_curation,https://www.johnlewispartnership.co.uk/,https://www.johnlewispartnership.co.uk/,manual:claude_curation_round2_2026-05-28,Patient Capital,employee-owned trust,active,public_web,high,needs_verification,needs_more_source,2026-05-28,Curated round 2 on 2026-05-28 from WebSearch firm-list articles. UK employee-owned retailer; steward-ownership exemplar. Intake promotion agent needs more source text: no fetched direct source text available for intake lead,"audit2026-05-29: junk_not_allocator | other | Employee-owned operating retailer; homepage says 'Owned by partners, driven by strategy' — runs John Lewis/Waitrose stor"
intake-curated2-f64baff94c9e,Organically Grown Company,manual_curation,https://www.organicallygrown.com/,https://www.organicallygrown.com/,manual:claude_curation_round2_2026-05-28,Patient Capital,purpose trust operating company,active,public_web,high,needs_verification,needs_more_source,2026-05-28,Curated round 2 on 2026-05-28 from WebSearch firm-list articles. US purpose trust ownership; Pacific NW organic produce distributor with no individual owners. Intake promotion agent needs more source text: no fetched direct source text available for intake lead,"audit2026-05-29: junk_not_allocator | other | Actual OGC site (organicgrown.com, not the lead's domain) calls itself 'the nation's only purpose driven, trust owned ma"
intake-curated2-9e55d7d883bf,MEDIQON Group,manual_curation,https://www.mediqon.de/,https://www.mediqon.de/,manual:claude_curation_round2_2026-05-28,Portfolio Capital,German VMS holding company,active,public_web,high,needs_verification,needs_more_source,2026-05-28,Curated round 2 on 2026-05-28 from WebSearch firm-list articles. Long-hold German vertical-market-software acquirer; €100M deployed across 26+ acquisitions. Intake promotion agent needs more source support: source text does not directly support the entity role,"audit2026-05-29: junk_not_allocator | product_or_saas | Self-describes as delivering 'interaktive Datenanalysen, Planungs- und Simulationsinstrumente' for hospital strategy — s"
intake-curated2-7af0c42a24ae,Upstart Network,manual_curation,https://www.upstart.com/,https://www.upstart.com/,manual:claude_curation_round2_2026-05-28,SMV,alternative AI lender,active,public_web,high,needs_verification,needs_more_source,2026-05-28,Curated round 2 on 2026-05-28 from WebSearch firm-list articles. AI-driven non-dilutive lending platform. Intake promotion agent needs more source support: no sufficiently specific non-unicorn asset-class fit found; 2 bucket signals required,audit2026-05-29: junk_not_allocator | marketplace_or_broker | Homepage explicitly: 'Upstart is not the lender. All loans on Upstart's marketplace are made by regulated financial inst
intake-web-df9bb2021804,Masschallenge,web_search_result,https://masschallenge.org,https://masschallenge.org,duckduckgo:target-036-smv,SMV,capital provider / fund / acquirer / platform,unknown,public_web,low,needs_verification,needs_more_source,2026-05-28,Public-web discovery result from query: bootcamp accelerator alternative capital revenue financing fellowship founder grant. Confirm source text before promotion. Intake promotion agent needs more source text: no fetched direct source text available for intake lead,audit2026-05-29: junk_not_allocator | accelerator_no_capital | 501(c)(3) nonprofit accelerator that 'takes no equity from the startups it supports' and funds operations via corporate 
intake-web-4838ed4af0c4,Prospect Rock Partners,web_search_result,https://prospectrockpartners.com/the-rise-of-micro-private-equity,https://prospectrockpartners.com/the-rise-of-micro-private-equity,duckduckgo:target-005-smv,SMV,micro private equity firm,unknown,public_web,high,needs_verification,needs_more_source,2026-05-28,Public-web discovery result from query: micro private equity SaaS acquisition holding company. Confirm source text before promotion. Intake promotion agent needs more source text: no fetched direct source text available for intake lead Intake promotion agent needs more source support: source text does not directly support the entity name,"audit2026-05-29: junk_not_allocator | consultancy_or_advisor | Homepage states 'We partner with Fortune 500 companies, private equity firms... to meet mission-critical hiring needs' —"
intake-article-ee510cfe547d,Carta,article_extraction_v2,https://carta.com/,https://carta.com/;https://entrepreneurloop.com/solo-founder-ai-tools,article_deepmine:https_entrepreneurloop_com_solo_founder_ai_tools,LMV,article-mentioned candidate (target LMV),unknown,public_web,medium,needs_verification,needs_more_source,2026-05-28,Extracted from anchor on https://entrepreneurloop.com/solo-founder-ai-tools on 2026-05-28. Anchor text: '23.7% in 2019 to 36.3%'. Verify own-site self-description before promotion. Intake promotion agent needs more source support: source text does not directly support the entity name,"audit2026-05-29: junk_not_allocator | product_or_saas | carta.com homepage returns HTTP 403 to fetchers, but Carta is the cap-table/equity-management SaaS platform for issuers "
intake-article-e362676e16df,AI stacks,article_extraction_v2,https://aistack.aiworldtoday.net/,https://aistack.aiworldtoday.net/;https://entrepreneurloop.com/solo-founder-ai-tools,article_deepmine:https_entrepreneurloop_com_solo_founder_ai_tools,LMV,article-mentioned candidate (target LMV),unknown,public_web,medium,needs_verification,needs_more_source,2026-05-28,Extracted from anchor on https://entrepreneurloop.com/solo-founder-ai-tools on 2026-05-28. Anchor text: 'AI stacks'. Verify own-site self-description before promotion. Intake promotion agent needs more source support: source text or URL does not support the entity website/domain,audit2026-05-29: junk_not_allocator | product_or_saas | Homepage self-describes as a directory: 'Discover the Best AI Tools for Every Workflow' — a curated AI-tools listicle/ma
intake-article-03e7d6da7d5a,ReddIt,article_extraction_v2,https://reddit.com/,https://reddit.com/;https://entrepreneurloop.com/solo-founder-ai-tools,article_deepmine:https_entrepreneurloop_com_solo_founder_ai_tools,LMV,article-mentioned candidate (target LMV),unknown,public_web,medium,needs_verification,needs_more_source,2026-05-28,Extracted from anchor on https://entrepreneurloop.com/solo-founder-ai-tools on 2026-05-28. Anchor text: 'ReddIt'. Verify own-site self-description before promotion. Intake promotion agent needs more source support: source text or URL does not support the entity website/domain,audit2026-05-29: junk_not_allocator | product_or_saas | reddit.com is a publicly known social-media discussion platform (publicly traded as RDDT) and does not deploy capital in
intake-article-a7cfc224459c,Telegram,article_extraction_v2,https://telegram.me/,https://telegram.me/;https://entrepreneurloop.com/solo-founder-ai-tools,article_deepmine:https_entrepreneurloop_com_solo_founder_ai_tools,LMV,article-mentioned candidate (target LMV),unknown,public_web,medium,needs_verification,needs_more_source,2026-05-28,Extracted from anchor on https://entrepreneurloop.com/solo-founder-ai-tools on 2026-05-28. Anchor text: 'Telegram'. Verify own-site self-description before promotion. Intake promotion agent needs more source support: source text or URL does not support the entity website/domain,audit2026-05-29: junk_not_allocator | product_or_saas | telegram.org self-describes as 'a cloud-based mobile and desktop messaging app with a focus on security and speed' — a m
intake-article-b8cdd2bed0ed,Makeautomation,article_extraction_v2,https://makeautomation.co/,https://makeautomation.co/;https://saasoperations.com/bootstrapped-saas-success-stories/,article_deepmine:https_saasoperations_com_bootstrapped_saas_succe,LMV,article-mentioned candidate (target LMV),unknown,public_web,medium,needs_verification,needs_more_source,2026-05-28,Extracted from anchor on https://saasoperations.com/bootstrapped-saas-success-stories/ on 2026-05-28. Anchor text: 'strategies to reduce operational costs'. Verify own-site self-description before promotion. Intake promotion agent needs more source support: source text does not directly support the entity name,"audit2026-05-29: junk_not_allocator | consultancy_or_advisor | Homepage: 'We help businesses automate their operations using n8n, custom integrations, and purpose-built software' — a "
intake-curated6-87937c77c4f6,Underdog Inc,manual_curation,https://underdog.inc/,https://underdog.inc/,manual:claude_curation_round6_2026-05-28,Portfolio Capital,creator-economy venture studio,active,public_web,high,needs_verification,needs_more_source,2026-05-28,Curated round 6 on 2026-05-28. Creator-economy focused operator + venture studio. Intake promotion agent needs more source text: no fetched direct source text available for intake lead,audit2026-05-29: junk_not_allocator | product_or_saas | 'online daily fantasy sports website and mobile app' — Underdog Fantasy is a consumer DFS/sportsbook product (it RAISED 
intake-web-e0250e397295,PinpointIQ,web_search_result,https://pinpointiq.app,https://pinpointiq.app,duckduckgo:target-027-portfolio-capital,Portfolio Capital,venture studio / startup studio / software holding company,unknown,public_web,medium,needs_verification,needs_more_source,2026-05-28,Public-web discovery result from query: roll up acquisition platform SMB services HVAC plumbing dental veterinary. Confirm source text before promotion. Intake promotion agent needs more source text: no fetched direct source text available for intake lead Intake promotion agent needs more source support: target class Portfolio Capital has only 1 source-text bucket signal(s); 2 required,audit2026-05-29: junk_not_allocator | product_or_saas | Self-describes as 'Geographic market intelligence for PE firms backing location-based businesses' — a SaaS analytics too
intake-curated8-9dd3cc584b47,Sapphire Capital,manual_curation,https://www.sapphire-cap.com/,https://www.sapphire-cap.com/,manual:claude_curation_round8_2026-05-28,Search/ETA,search fund investor,active,public_web,high,needs_verification,needs_more_source,2026-05-28,Curated round 8 on 2026-05-28. Institutional search-fund investor. Intake promotion agent needs more source text: no fetched direct source text available for intake lead Intake promotion agent needs more source support: source text does not directly support the entity name,audit2026-05-29: junk_not_allocator | consultancy_or_advisor | 'real estate capital advisory firm' that arranges JV equity and LP investments from outside investors — intermediary tha
intake-curated8-f39ccf0a9adb,Hilti Group,manual_curation,https://www.hilti.com/,https://www.hilti.com/,manual:claude_curation_round8_2026-05-28,Patient Capital,trust-owned operating company,active,public_web,high,needs_verification,needs_more_source,2026-05-28,Curated round 8 on 2026-05-28. Liechtenstein-based steward-ownership manufacturer. Intake promotion agent needs more source text: no fetched direct source text available for intake lead Intake promotion agent needs more source support: source text does not directly support the entity role,"audit2026-05-29: junk_not_allocator | other | Manufacturer of 'Power tools (cordless and corded), Fasteners and inserts, Construction chemicals' — operating product c"
intake-curated8-032c51fdafe3,OMV Petrom Family Office,manual_curation,https://www.cargill.com/,https://www.cargill.com/,manual:claude_curation_round8_2026-05-28,Patient Capital,private family-owned operator,active,public_web,high,needs_verification,needs_more_source,2026-05-28,"Curated round 8 on 2026-05-28. Cargill — largest private US company, family-owned for 5+ generations. Intake promotion agent needs more source text: no fetched direct source text available for intake lead","audit2026-05-29: junk_not_allocator | other | Website URL is cargill.com (403, name/URL mismatch); Cargill is a private family-owned agri-commodities operator, not an"
intake-curated8-4c6399f684e9,Trilogy International Partners,manual_curation,https://www.trilogy-international.com/,https://www.trilogy-international.com/,manual:claude_curation_round8_2026-05-28,Portfolio Capital,telecom holding company,active,public_web,high,needs_verification,needs_more_source,2026-05-28,Curated round 8 on 2026-05-28. Long-hold telecom operator. Intake promotion agent needs more source text: no fetched direct source text available for intake lead Intake promotion agent needs more source support: source text does not directly support the entity role,audit2026-05-29: junk_not_allocator | other | Page is a shareholder notice — 'SG Enterprises has acquired all of the TIP Inc. shares that it didn't previously own'; b
intake-curated8-d3af5e1542ff,Vista Outdoor,manual_curation,https://www.vistaoutdoor.com/,https://www.vistaoutdoor.com/,manual:claude_curation_round8_2026-05-28,Portfolio Capital,outdoor brands holdco,active,public_web,high,needs_verification,needs_more_source,2026-05-28,Curated round 8 on 2026-05-28. Outdoor recreation brand holding company (note: not Vista Equity). Intake promotion agent needs more source text: no fetched direct source text available for intake lead Intake promotion agent needs more source support: no sufficiently specific non-unicorn asset-class fit found; 2 bucket signals required,"audit2026-05-29: junk_not_allocator | other | Redirects to The Kinetic Group; 'We engineer and manufacture the most accurate, powerful, and reliable ammunition in the"
intake-web-e59037423ec0,SEC.gov,web_search_result,https://www.sec.gov/search-filings,https://www.sec.gov/search-filings,duckduckgo:target-020-patient-capital,Patient Capital,patient capital provider / evergreen fund / holding company,unknown,public_web,high,needs_verification,needs_more_source,2026-05-28,Public-web discovery result from query: permanent equity holding company acquire SMB software services no exit forever. Confirm source text before promotion. Intake promotion agent needs more source text: no fetched direct source text available for intake lead Intake promotion agent needs more source support: source text does not directly support the entity role,"audit2026-05-29: junk_not_allocator | other | sec.gov/search-filings is the U.S. Securities and Exchange Commission's EDGAR filings search — federal regulator, not a "
intake-web-5ea1373d8e10,Explore Our SaaS M&A Deal Database,web_search_result,https://softwareequity.com/saas-ma-deal-database,https://softwareequity.com/saas-ma-deal-database,duckduckgo:target-026-portfolio-capital,Portfolio Capital,venture studio / startup studio / software holding company,unknown,public_web,high,needs_verification,needs_more_source,2026-05-28,Public-web discovery result from query: serial software acquirer holding company permanent buyer vertical SaaS B2B. Confirm source text before promotion. Intake promotion agent needs more source support: source text does not directly support the entity role,audit2026-05-29: junk_not_allocator | article_or_blog | Page title scraped as if it were a firm; actual entity is Software Equity Group offering 'sell-side M&A services' with a
intake-web-7c1423d5b2bb,SaaS M&A transaction services,web_search_result,https://www.acquiry.com/saas-acquisitions,https://www.acquiry.com/saas-acquisitions,duckduckgo:target-026-portfolio-capital,Portfolio Capital,venture studio / startup studio / software holding company,unknown,public_web,high,needs_verification,needs_more_source,2026-05-28,Public-web discovery result from query: serial software acquirer holding company permanent buyer vertical SaaS B2B. Confirm source text before promotion. Intake promotion agent needs more source support: source text does not directly support the entity role,audit2026-05-29: junk_not_allocator | marketplace_or_broker | Acquiry self-describes as broker/advisor: 'facilitates the acquisition and sale of digital businesses globally. We execu
intake-curated9-dfdc3129526c,Garden3D,manual_curation,https://garden3d.net/,https://garden3d.net/,manual:claude_curation_round9_2026-05-28,LMV,indie creative studio collective,active,public_web,high,needs_verification,needs_more_source,2026-05-28,"Curated round 9 on 2026-05-28. Steward-owned creative/dev studio collective — Sanctu, Studio Lin, Sponsor Magic. Intake promotion agent needs more source text: no fetched direct source text available for intake lead Intake promotion agent needs more source support: no sufficiently specific non-unicorn asset-class fit found; 2 bucket signals required","audit2026-05-29: junk_not_allocator | other | Self-described as 'a worker owned creative collective' that 'open source everything, spin out new businesses, and share "
intake-curated9-d9098fcb66ea,Strong Athletic Fund,manual_curation,https://strongathletic.com/,https://strongathletic.com/,manual:claude_curation_round9_2026-05-28,LMV,athlete-founder operator fund,active,public_web,high,needs_verification,needs_more_source,2026-05-28,Curated round 9 on 2026-05-28. Operator-led seed for athlete-founded businesses. Intake promotion agent needs more source text: no fetched direct source text available for intake lead Intake promotion agent needs more source support: source text does not directly support the entity role,"audit2026-05-29: junk_not_allocator | product_or_saas | strongathletic.com is a 't-shirt company that supports athletes in sports and the fitness world' — apparel brand, no inv"
intake-curated9-27622d202c5b,Endeavor Capital,manual_curation,https://www.endeavor-capital.com/,https://www.endeavor-capital.com/,manual:claude_curation_round9_2026-05-28,Search/ETA,search fund investor,active,public_web,high,needs_verification,needs_more_source,2026-05-28,Curated round 9 on 2026-05-28. Search-fund investor focused on owner-led businesses. Intake promotion agent needs more source text: no fetched direct source text available for intake lead,audit2026-05-29: junk_not_allocator | other | endeavor-capital.com is a parked domain: homepage immediately redirects to /lander serving the GoDaddy parking script ('
intake-curated9-53c88d3612b9,Cornerstone Capital Group,manual_curation,https://cornerstonecapinc.com/,https://cornerstonecapinc.com/,manual:claude_curation_round9_2026-05-28,Patient Capital,impact wealth management,active,public_web,high,needs_verification,needs_more_source,2026-05-28,Curated round 9 on 2026-05-28. ESG and impact-focused wealth management. Intake promotion agent needs more source text: no fetched direct source text available for intake lead,audit2026-05-29: junk_not_allocator | consultancy_or_advisor | Self-described as a 'sustainable and impact investment advisory firm... wealth management firm' that 'works with familie
intake-curated9-151ac2f77a8c,Trapeze Group,manual_curation,https://www.trapezegroup.com/,https://www.trapezegroup.com/,manual:claude_curation_round9_2026-05-28,Portfolio Capital,transit vertical software,active,public_web,high,needs_verification,needs_more_source,2026-05-28,Curated round 9 on 2026-05-28. Constellation operating group in transit software. Intake promotion agent needs more source text: no fetched direct source text available for intake lead Intake promotion agent needs more source support: target class Portfolio Capital has only 1 source-text bucket signal(s); 2 required,"audit2026-05-29: junk_not_allocator | product_or_saas | Homepage: 'Your trusted transit technology partner' — operating transit-software vendor, deploys no capital."
intake-curated10-09071ecaf686,Honeyfund,manual_curation,https://honeyfund.com/,https://honeyfund.com/,manual:claude_curation_round10_2026-05-28,Patient Capital,founder-owned operator,active,public_web,high,needs_verification,needs_more_source,2026-05-28,Curated round 10 on 2026-05-28. Self-funded founder-owned business. Intake promotion agent needs more source text: no fetched direct source text available for intake lead Intake promotion agent needs more source support: source text does not directly support the entity role,audit2026-05-29: junk_not_allocator | product_or_saas | Self-describes as 'the most trusted honeymoon and cash registry site with nearly $1 billion gifted' — a consumer wedding
intake-curated10-d2a9b4207320,Forecast Capital,manual_curation,https://www.forecastcapital.com/,https://www.forecastcapital.com/,manual:claude_curation_round10_2026-05-28,SMV,credit + structured equity,active,public_web,high,needs_verification,needs_more_source,2026-05-28,Curated round 10 on 2026-05-28. Structured growth capital for SaaS. Intake promotion agent needs more source text: no fetched direct source text available for intake lead,"audit2026-05-29: junk_not_allocator | consultancy_or_advisor | forecastcapital.com is a Brazilian financial-services boutique whose tagline is 'Finanças podem ser simples, e nós fazem"
intake-curated10-7493cb42e3d0,Generational Equity,manual_curation,https://www.genequityco.com/,https://www.genequityco.com/,manual:claude_curation_round10_2026-05-28,Search/ETA,M&A advisor,active,public_web,high,needs_verification,needs_more_source,2026-05-28,Curated round 10 on 2026-05-28. Lower middle market M&A advisor. Intake promotion agent needs more source text: no fetched direct source text available for intake lead Intake promotion agent needs more source support: target class Search/ETA has only 1 source-text bucket signal(s); 2 required,"audit2026-05-29: junk_not_allocator | consultancy_or_advisor | 'A leading, full-service M&A advisory firm for the middle-market' / 'all about selling businesses for maximum profit' — "
intake-web-092a3a7841a1,Search Fund Resources,web_search_result,https://smash.vc/search-fund,https://smash.vc/search-fund,duckduckgo:target-009-search-eta,Search/ETA,search fund investor / ETA platform / acquisition community,unknown,public_web,high,candidate_evidence,needs_review,2026-05-29,Public-web discovery result from query: search fund investors entrepreneurship through acquisition list. Confirm source text before promotion. Promoted as Search/ETA candidate from https://smash.vc/search-fund with 9 source-backed bucket claims. Human review required before paper use. | identity-audit: distinctive name token absent from a substantial homepage; needs human check,"audit2026-05-29: junk_not_allocator | article_or_blog | URL is a guide page on smash.vc reading as 'Complete ETA Guide' resource/listicle, not a firm; the actual allocator (Sma"
intake-web-cd3d166ec57b,The Venture Studio Model,web_search_result,https://swiftcapital.vc/venture-studio-model,https://swiftcapital.vc/venture-studio-model,duckduckgo:target-016-portfolio-capital,Portfolio Capital,venture studio,unknown,public_web,medium,needs_verification,needs_more_source,2026-05-29,Public-web discovery result from query: venture studio company creation company formation studio equity venture builder vertical saas. Confirm source text before promotion. Intake promotion agent needs more source text: no fetched direct source text available for intake lead,audit2026-05-29: junk_not_allocator | article_or_blog | Lead name 'The Venture Studio Model' and URL slug /venture-studio-model match an article/explainer page on swiftcapital.
intake-web-f1d90a7ea295,What Is Employee Ownership? A Guide for Business Owners,web_search_result,https://bakerproject.org/esop-for-business-owners,https://bakerproject.org/esop-for-business-owners,duckduckgo:target-017-search-eta,Search/ETA,search fund investor / ETA platform / acquisition community,unknown,public_web,medium,needs_verification,needs_more_source,2026-05-29,Public-web discovery result from query: employee ownership acquire small business patient capital convert ESOP SMB owners sell business. Confirm source text before promotion. Intake promotion agent needs more source text: no fetched direct source text available for intake lead,audit2026-05-29: junk_not_allocator | article_or_blog | Lead name literally begins 'What Is Employee Ownership? A Guide' and URL /esop-for-business-owners is a guide article on
intake-round12-4cfa0878029d,NC IDEA MICRO,manual_curation,https://ncidea.org/nc-idea-micro/,https://ncidea.org/nc-idea-micro/,manual:claude_curation_round12_2026-05-29,LMV,equity-free startup micro-grant program,active,public_web,high,needs_verification,needs_more_source,2026-05-29,Curated round12 on 2026-05-29. Homepage quote: NC IDEA MICRO awards $10K in funding to startups actively moving their companies forward Intake promotion agent needs more source support: source text does not directly support the entity name,"audit2026-05-29: junk_not_allocator | accelerator_no_capital | 'Small, project-based grants... $10K in funding' equity-free — nonprofit grant/accelerator program, not deploying capita"
intake-round13-c08c88ccf3d8,Activate,manual_curation,https://activate.org,https://activate.org,manual:claude_curation_round13_2026-05-29,LMV,equity-free science entrepreneur fellowship,active,public_web,high,needs_verification,needs_more_source,2026-05-29,"Curated round13 on 2026-05-29. Homepage quote: Activate's two-year U.S. fellowship program transforms scientists and engineers into founders, empowering them to reinvent the world Intake promotion agent needs more source support: target class LMV has only 1 source-text bucket signal(s); 2 required","audit2026-05-29: junk_not_allocator | accelerator_no_capital | Describes itself as 'the first fellowship for entrepreneurial scientists' providing 'mindsets, skills, networks, and sup"
intake-round13-c05d5834bf2c,Malaika Builders' Residency,manual_curation,https://www.malaika.space,https://www.malaika.space,manual:claude_curation_round13_2026-05-29,LMV,equity-free founder residency,active,public_web,high,needs_verification,needs_more_source,2026-05-29,"Curated round13 on 2026-05-29. Homepage quote: month-to-month program for global founders to live, work, and thrive in a supportive, vibrant community Intake promotion agent needs more source support: no sufficiently specific non-unicorn asset-class fit found; 2 bucket signals required","audit2026-05-29: junk_not_allocator | network_or_membership | Homepage describes 'a vibrant community in the heart of San Francisco designed for builders and doers to connect, grow, "
intake-round13-458bb1df0c62,Aceli Africa,manual_curation,https://aceliafrica.org/,https://aceliafrica.org/,manual:claude_curation_round13_2026-05-29,Sovereign Capital,catalytic market-incentive facility for agri-SME finance,active,public_web,high,needs_verification,needs_more_source,2026-05-29,Curated round13 on 2026-05-29. Homepage quote: Aceli Africa is catalyzing the finance market for a thriving agriculture sector in Africa. Intake promotion agent needs more source support: target class Sovereign Capital has only 1 source-text bucket signal(s); 2 required,"audit2026-05-29: junk_not_allocator | other | Catalytic facility, not allocator: 'Aceli's data-driven approach provides incentives to lenders' with '10x capital lever"
intake-web-f94805e83d64,FELLOWSHIP,web_search_result,https://www.futurefounders.com/fellowship,https://www.futurefounders.com/fellowship,duckduckgo:target-036-smv,SMV,capital provider / fund / acquirer / platform,unknown,public_web,low,needs_verification,needs_more_source,2026-05-29,Public-web discovery result from query: bootcamp accelerator alternative capital revenue financing fellowship founder grant. Confirm source text before promotion. Intake promotion agent needs more source text: no fetched direct source text available for intake lead,"audit2026-05-29: junk_not_allocator | accelerator_no_capital | Lead name 'FELLOWSHIP' is a scraped section header from Future Founders, a Chicago nonprofit youth-entrepreneurship ment"
intake-web-dd0c48d60fb2,Startup Resources from the Acquire.com Blog,web_search_result,https://blog.acquire.com,https://blog.acquire.com,duckduckgo:target-035-portfolio-capital,Portfolio Capital,venture studio / startup studio / software holding company,unknown,public_web,medium,needs_verification,needs_more_source,2026-05-29,Public-web discovery result from query: bootstrap holding company micro acquirer indie founder software acquire and hold. Confirm source text before promotion. Intake promotion agent needs more source text: no fetched direct source text available for intake lead,audit2026-05-29: junk_not_allocator | article_or_blog | URL blog.acquire.com and lead name 'Startup Resources from the Acquire.com Blog' = the Acquire.com marketplace's content
intake-web-e9112ceb0dc9,Anatomy of a Venture Studio,web_search_result,https://alientt.com/anatomy-of-a-venture-studio,https://alientt.com/anatomy-of-a-venture-studio,duckduckgo:target-010-portfolio-capital,Portfolio Capital,venture studio,unknown,public_web,high,needs_verification,needs_more_source,2026-05-29,Public-web discovery result from query: venture studio startup foundry company builder shared infrastructure. Confirm source text before promotion. Intake promotion agent needs more source text: no fetched direct source text available for intake lead,audit2026-05-29: junk_not_allocator | article_or_blog | URL path /anatomy-of-a-venture-studio plus lead name 'Anatomy of a Venture Studio' = an explainer article on what a vent
