lead_id,name,lead_type,website,source_urls,discovered_from,target_asset_class,target_entity_type,active_status,source_tier,priority,evidence_status,review_status,created_at,notes
intake-web-9c3b1525e63e,Growth Capital for B2B Software & Services Companies,web_search_result,https://elsewhere.partners,https://elsewhere.partners,duckduckgo:target-002-smv,SMV,capital provider / fund / acquirer / platform,unknown,public_web,high,needs_verification,duplicate,2026-05-24,Public-web discovery result from query: bootstrapped founder-led B2B software growth equity capital efficient. Confirm source text before promotion. Intake promotion agent marked duplicate: duplicate entity domain: https://elsewhere.partners/
intake-web-5abdbdfa2b7b,Search Fund,web_search_result,https://www.searchfund.org,https://www.searchfund.org,duckduckgo:target-009-search-eta,Search/ETA,software acquisition firm,unknown,public_web,high,needs_verification,duplicate,2026-05-26,Public-web discovery result from query: search fund investors entrepreneurship through acquisition list. Confirm source text before promotion. Intake promotion agent marked duplicate: duplicate entity domain: https://www.searchfund.org/search
intake-web-c2376b1e8b30,The Nato Innovation Fund,web_search_result,https://www.nif.fund,https://www.nif.fund,duckduckgo:target-011-sovereign-capital,Sovereign Capital,sovereign or public strategic capital provider,unknown,public_web,high,needs_verification,duplicate,2026-05-26,Public-web discovery result from query: sovereign innovation fund national technology startups AI defense climate. Confirm source text before promotion. Intake promotion agent marked duplicate: duplicate entity domain: https://www.nif.fund/
intake-web-849e19746ffe,A financing program built for your platform,web_search_result,https://www.parafin.com,https://www.parafin.com,duckduckgo:target-015-instrument,SMV,capital provider / fund / acquirer / platform,unknown,public_web,medium,needs_verification,duplicate,2026-05-28,Public-web discovery result from query: embedded finance working capital revenue-based financing platform merchants small business non-dilutive. Confirm source text before promotion. Intake promotion agent marked duplicate: duplicate entity domain: https://www.parafin.com/
intake-web-2a945380d1e4,Venture Studio,web_search_result,https://foundersfactory.com/studio,https://foundersfactory.com/studio,duckduckgo:target-010-portfolio-capital,Portfolio Capital,venture studio,unknown,public_web,high,needs_verification,duplicate,2026-05-28,Public-web discovery result from query: venture studio startup foundry company builder shared infrastructure. Confirm source text before promotion. Intake promotion agent marked duplicate: duplicate entity domain: https://foundersfactory.com/
intake-manual-840615f4e519,NextGen GP,manual_curation,https://nextgengp.com/,https://nextgengp.com/,manual:claude_curation_2026-05-28,Search/ETA,search fund accelerator,active,public_web,high,needs_verification,duplicate,2026-05-28,Manually curated 2026-05-28 from WebSearch and domain knowledge of non-unicorn capital. Search-fund accelerator and ETA resource publisher. Intake promotion agent marked duplicate: duplicate entity domain: https://nextgengp.com/resources
intake-manual-1b24042c24ff,Merit Network,manual_curation,https://meritholdings.com/,https://meritholdings.com/,manual:claude_curation_2026-05-28,Portfolio Capital,vertical SaaS holdco,active,public_web,high,needs_verification,duplicate,2026-05-28,Manually curated 2026-05-28 from WebSearch and domain knowledge of non-unicorn capital. Holding company for hyper-specialized vertical software businesses. Intake promotion agent marked duplicate: duplicate entity domain: https://www.meritholdings.com
intake-manual-e95b8ec12f4a,Volaris,manual_curation,https://www.volarisgroup.com/,https://www.volarisgroup.com/,manual:claude_curation_2026-05-28,Portfolio Capital,vertical software holding company,active,public_web,high,needs_verification,duplicate,2026-05-28,Manually curated 2026-05-28 from WebSearch and domain knowledge of non-unicorn capital. Constellation Software operating group acquiring vertical-market software. Intake promotion agent marked duplicate: duplicate entity domain: https://www.volarisgroup.com/
intake-manual-9b21cd97aff9,Purpose Foundation,manual_curation,https://purpose-economy.org/en/foundation/,https://purpose-economy.org/en/foundation/,manual:claude_curation_2026-05-28,Patient Capital,steward-ownership foundation,active,public_web,high,needs_verification,duplicate,2026-05-28,Manually curated 2026-05-28 from WebSearch and domain knowledge of non-unicorn capital. Foundation that converts companies to permanent steward-owned structures. Intake promotion agent marked duplicate: duplicate entity domain: https://purpose-economy.org/en/pec/
intake-curated2-4b8911bde406,Aventis Advisors,manual_curation,https://www.aventis-advisors.com/,https://www.aventis-advisors.com/,manual:claude_curation_round2_2026-05-28,Portfolio Capital,M&A advisory + analyst,active,public_web,high,needs_verification,duplicate,2026-05-28,Curated round 2 on 2026-05-28 from WebSearch firm-list articles. Software M&A advisory tracking European software PE landscape. Intake promotion agent marked duplicate: duplicate entity domain: https://aventis-advisors.com/software-valuation-multiples
intake-curated5-dbd81e7ddfaa,Pioneer.app,manual_curation,https://pioneer.app/,https://pioneer.app/,manual:claude_curation_round5_2026-05-28,LMV,global founder tournament,active,public_web,high,needs_verification,duplicate,2026-05-28,Curated round 5 on 2026-05-28. Global tournament + community-led founder funding. Intake promotion agent marked duplicate: duplicate entity domain: https://pioneer.app/
intake-web-912e730c559e,Startupbootcamp for Investors,web_search_result,https://startupbootcamp.org/investors,https://startupbootcamp.org/investors,duckduckgo:target-036-smv,SMV,capital provider / fund / acquirer / platform,unknown,public_web,low,needs_verification,duplicate,2026-05-28,Public-web discovery result from query: bootcamp accelerator alternative capital revenue financing fellowship founder grant. Confirm source text before promotion. Intake promotion agent marked duplicate: duplicate entity domain: https://startupbootcamp.org
intake-web-82fdc1856779,FounderLed,web_search_result,https://founderpath.com/founderled,https://founderpath.com/founderled,duckduckgo:target-002-smv,SMV,capital provider / fund / acquirer / platform,unknown,public_web,high,needs_verification,duplicate,2026-05-28,Public-web discovery result from query: bootstrapped founder-led B2B software growth equity capital efficient. Confirm source text before promotion. Intake promotion agent marked duplicate: duplicate entity domain: https://founderpath.com/
intake-curated8-ae2f1b39ea59,Topicus.com,manual_curation,https://www.topicus.com/,https://www.topicus.com/,manual:claude_curation_round8_2026-05-28,Portfolio Capital,European VMS holdco,active,public_web,high,needs_verification,duplicate,2026-05-28,Curated round 8 on 2026-05-28. Constellation spinoff acquiring European vertical software. Intake promotion agent marked duplicate: duplicate entity domain: https://www.topicus.com/
intake-curated8-9f70650f66dd,Global Impact Investing Network (GIIN),manual_curation,https://thegiin.org/,https://thegiin.org/,manual:claude_curation_round8_2026-05-28,Sovereign Capital,impact-investing network,active,public_web,high,needs_verification,duplicate,2026-05-28,Curated round 8 on 2026-05-28. Industry network promoting impact investing globally. Intake promotion agent marked duplicate: duplicate entity domain: https://thegiin.org/
intake-curated8-49f7e6251f71,Acumen Fund,manual_curation,https://acumen.org/,https://acumen.org/,manual:claude_curation_round8_2026-05-28,Sovereign Capital,patient impact capital,active,public_web,high,needs_verification,duplicate,2026-05-28,Curated round 8 on 2026-05-28. Patient impact capital for poverty-alleviation businesses. Intake promotion agent marked duplicate: duplicate entity domain: https://acumen.org/
intake-web-6b562d6d8bf4,The Calm Company Fund Investment Thesis,web_search_result,https://calmfund.com/thesis,https://calmfund.com/thesis,duckduckgo:target-023-lmv,LMV,LMV capital provider / indie fund / AI-native micro venture platform,unknown,public_web,medium,needs_verification,duplicate,2026-05-28,Public-web discovery result from query: bootstrapped SaaS calm company profitable indie founder community capital revenue. Confirm source text before promotion. Intake promotion agent marked duplicate: duplicate entity domain: https://calmfund.com/
intake-web-094e50aa8d54,Startup Capital With Zero Dilution,web_search_result,https://www.lightercapital.com,https://www.lightercapital.com,duckduckgo:target-025-smv,SMV,capital provider / fund / acquirer / platform,unknown,public_web,high,needs_verification,duplicate,2026-05-28,Public-web discovery result from query: revenue based financing alternative venture capital growth founder friendly software. Confirm source text before promotion. Intake promotion agent marked duplicate: duplicate entity domain: https://www.lightercapital.com/
intake-web-990c67859580,What Is an Independent Sponsor? 2026 Guide to Fundless Sponsors in M&A,web_search_result,https://ctacquisitions.com/what-is-an-independent-sponsor,https://ctacquisitions.com/what-is-an-independent-sponsor,duckduckgo:target-031-search-eta,Search/ETA,search fund investor / ETA platform / acquisition community,unknown,public_web,medium,needs_verification,duplicate,2026-05-28,Public-web discovery result from query: independent sponsor fundless sponsor private equity acquire single business no committed fund. Confirm source text before promotion. Intake promotion agent marked duplicate: duplicate entity domain: https://ctacquisitions.com/roll-up-strategy-guide-2026
intake-curated9-135761a61239,Mubadala Investment Company,manual_curation,https://www.mubadala.com/,https://www.mubadala.com/,manual:claude_curation_round9_2026-05-28,Sovereign Capital,Abu Dhabi sovereign fund,active,public_web,high,needs_verification,duplicate,2026-05-28,Curated round 9 on 2026-05-28. Abu Dhabi sovereign wealth fund. Intake promotion agent marked duplicate: duplicate entity domain: https://www.mubadala.com/
intake-curated10-f4f2022015e4,Tiny Capital,manual_curation,https://www.tiny.com/,https://www.tiny.com/,manual:claude_curation_round10_2026-05-28,Patient Capital,permanent-equity holdco,active,public_web,high,needs_verification,duplicate,2026-05-28,Curated round 10 on 2026-05-28. Andrew Wilkinson permanent-equity holdco; buys internet businesses to hold. Intake promotion agent marked duplicate: duplicate entity domain: https://www.tiny.com/
intake-curated10-2f2fcc9ac912,Government of Singapore Investment Corporation (GIC),manual_curation,https://www.gic.com.sg/,https://www.gic.com.sg/,manual:claude_curation_round10_2026-05-28,Sovereign Capital,Singapore sovereign wealth,active,public_web,high,needs_verification,duplicate,2026-05-28,Curated round 10 on 2026-05-28. Singapore's GIC sovereign wealth fund. Intake promotion agent marked duplicate: duplicate entity domain: https://www.gic.com.sg/
intake-curated10-e39e960f97a3,Public Investment Fund (Saudi),manual_curation,https://www.pif.gov.sa/,https://www.pif.gov.sa/,manual:claude_curation_round10_2026-05-28,Sovereign Capital,Saudi sovereign wealth,active,public_web,high,needs_verification,duplicate,2026-05-28,Curated round 10 on 2026-05-28. Saudi Arabia's sovereign wealth fund. Intake promotion agent marked duplicate: duplicate entity domain: https://www.pif.gov.sa/
intake-web-c6dc0320b259,Buy & Sell Profitable Online Businesses,web_search_result,https://acquire.com,https://acquire.com,duckduckgo:target-004-smv,SMV,capital provider / fund / acquirer / platform,unknown,public_web,high,needs_verification,duplicate,2026-05-29,Public-web discovery result from query: software holding company acquire bootstrapped SaaS founders permanent home. Confirm source text before promotion. Intake promotion agent marked duplicate: duplicate entity domain: https://acquire.com/
intake-web-2737a4b00177,Patient Capital,web_search_result,https://acumen.org/patient-capital,https://acumen.org/patient-capital,duckduckgo:target-007-patient-capital,Patient Capital,patient capital provider / evergreen fund / holding company,unknown,public_web,high,needs_verification,duplicate,2026-05-29,Public-web discovery result from query: patient capital evergreen fund founders no forced exit software. Confirm source text before promotion. Intake promotion agent marked duplicate: duplicate entity domain: https://acumen.org/
intake-web-66b8b24df937,Bootstrapped SaaS The Complete Founder's Playbook,web_search_result,https://saasoperations.com/bootstrapped-saas,https://saasoperations.com/bootstrapped-saas,duckduckgo:target-023-lmv,LMV,LMV capital provider / indie fund / AI-native micro venture platform,unknown,public_web,medium,needs_verification,duplicate,2026-05-29,Public-web discovery result from query: bootstrapped SaaS calm company profitable indie founder community capital revenue. Confirm source text before promotion. Intake promotion agent marked duplicate: duplicate entity domain: https://saasoperations.com/bootstrapped-saas-success-stories
intake-web-2a4d2ca6d814,Who We Are,web_search_result,https://www.searchfundaccelerator.com/intro,https://www.searchfundaccelerator.com/intro,duckduckgo:target-030-search-eta,Search/ETA,search fund investor / ETA platform / acquisition community,unknown,public_web,medium,needs_verification,duplicate,2026-05-29,Public-web discovery result from query: search fund accelerator institutional investors first time CEO operator acquisition. Confirm source text before promotion. Intake promotion agent marked duplicate: duplicate entity domain: https://www.searchfundaccelerator.com
intake-web-c389fc1bcbdb,Why SFA?,web_search_result,https://www.searchfundaccelerator.com/model,https://www.searchfundaccelerator.com/model,duckduckgo:target-030-search-eta,Search/ETA,search fund investor / ETA platform / acquisition community,unknown,public_web,medium,needs_verification,duplicate,2026-05-29,Public-web discovery result from query: search fund accelerator institutional investors first time CEO operator acquisition. Confirm source text before promotion. Intake promotion agent marked duplicate: duplicate entity domain: https://www.searchfundaccelerator.com
intake-web-95b9f328fc9b,The SFA Advantage,web_search_result,https://www.searchfundaccelerator.com/the-sfa-advantage,https://www.searchfundaccelerator.com/the-sfa-advantage,duckduckgo:target-030-search-eta,Search/ETA,search fund investor / ETA platform / acquisition community,unknown,public_web,medium,needs_verification,duplicate,2026-05-29,Public-web discovery result from query: search fund accelerator institutional investors first time CEO operator acquisition. Confirm source text before promotion. Intake promotion agent marked duplicate: duplicate entity domain: https://www.searchfundaccelerator.com
intake-round12-75a2d409d5ca,Traction Capital,manual_curation,https://tractioncp.com/,https://tractioncp.com/,manual:claude_curation_round12_2026-05-29,Patient Capital,permanent equity holding company for Pacific Northwest businesses,active,public_web,high,needs_verification,duplicate,2026-05-29,Curated round12 on 2026-05-29. Homepage quote: We are not looking for companies that we can grow and then sell for a profit within 5 years. Intake promotion agent marked duplicate: duplicate entity domain: https://www.tractioncp.com/
intake-round12-ce7f6459e04d,Evergreen Services Group,manual_curation,https://www.evergreensg.com,https://www.evergreensg.com,manual:claude_curation_round12_2026-05-29,Patient Capital,permanent-hold operating holding company,active,public_web,high,needs_verification,duplicate,2026-05-29,"Curated round12 on 2026-05-29. Homepage quote: As a permanent owner, we are a true home for the companies we partner with Intake promotion agent marked duplicate: duplicate entity domain: https://www.evergreensg.com/"
intake-round12-5b8efa537973,Valsoft Corporation,manual_curation,https://www.valsoftcorp.com/,https://www.valsoftcorp.com/,manual:claude_curation_round12_2026-05-29,SMV,permanent-hold vertical market software acquirer,active,public_web,high,needs_verification,duplicate,2026-05-29,Curated round12 on 2026-05-29. Homepage quote: We acquire mission-critical software companies and support them for the long term. Intake promotion agent marked duplicate: duplicate entity domain: https://www.valsoftcorp.com/
intake-round12-ff4c1f3abf40,Michigan Founders Fund Pre-Accelerator,manual_curation,https://michiganfoundersfund.org/pre-accelerator/,https://michiganfoundersfund.org/pre-accelerator/,manual:claude_curation_round12_2026-05-29,LMV,equity-free pre-accelerator with non-dilutive grants,active,public_web,high,needs_verification,duplicate,2026-05-29,"Curated round12 on 2026-05-29. Homepage quote: MFFPA is a free, seven-week accelerator for early-stage companies with local roots. Intake promotion agent marked duplicate: duplicate entity domain: https://michiganfoundersfund.org/"
intake-round12-3a8587c12f90,The Freed Fellowship,manual_curation,https://freedfellowship.com/,https://freedfellowship.com/,manual:claude_curation_round12_2026-05-29,LMV,no-equity small business micro-grant fellowship,active,public_web,high,needs_verification,duplicate,2026-05-29,Curated round12 on 2026-05-29. Homepage quote: No strings attached. No equity required Intake promotion agent marked duplicate: duplicate entity domain: https://www.freedfellowship.com/
intake-round12-66c3c1f60fa5,Smash Ventures,manual_curation,https://smash.vc/,https://smash.vc/,manual:claude_curation_round12_2026-05-29,Search/ETA,self-funded search & independent sponsor equity investor,active,public_web,high,needs_verification,duplicate,2026-05-29,Curated round12 on 2026-05-29. Homepage quote: We invest in self-funded search and independent sponsor deals Intake promotion agent marked duplicate: duplicate entity domain: https://smash.vc/search-fund
intake-round12-3a84eeaf66fd,Alpine SG (Alpine Software Group),manual_curation,https://www.alpinesg.com/,https://www.alpinesg.com/,manual:claude_curation_round12_2026-05-29,Portfolio Capital,vertical SaaS buy-and-build acquirer / operating platform,active,public_web,high,needs_verification,duplicate,2026-05-29,"Curated round12 on 2026-05-29. Homepage quote: Each company runs independently yet benefits from shared expertise, resources, capital, and community. Intake promotion agent marked duplicate: duplicate entity domain: https://www.alpinesg.com/"
intake-round12-fee494b5e7f0,CHAPTERS Group AG,manual_curation,https://www.chaptersgroup.com/,https://www.chaptersgroup.com/,manual:claude_curation_round12_2026-05-29,Portfolio Capital,decentralized permanent-capital VMS holding company,active,public_web,high,needs_verification,duplicate,2026-05-29,Curated round12 on 2026-05-29. Homepage quote: We strongly believe in the power of decentralized organizations with great autonomy Intake promotion agent marked duplicate: duplicate entity domain: https://www.chaptersgroup.com/
intake-round12-67f78598ab01,FutureSight,manual_curation,https://futuresight.ventures,https://futuresight.ventures,manual:claude_curation_round12_2026-05-29,Portfolio Capital,B2B AI venture studio / co-founder,active,public_web,high,needs_verification,duplicate,2026-05-29,"Curated round12 on 2026-05-29. Homepage quote: We build vertical B2B AI software companies from day zero with values-driven, proven founders. Intake promotion agent marked duplicate: duplicate entity domain: https://futuresight.ventures/what-is-a-venture-studio"
intake-round13-35ac895135eb,Basecase,manual_curation,https://basecase.vc/,https://basecase.vc/,manual:claude_curation_round13_2026-05-29,LMV,solo-GP first-check fund,active,public_web,high,needs_verification,duplicate,2026-05-29,"Curated round13 on 2026-05-29. Homepage quote: i work with founders pre-product, pre-traction, and often pre-idea Intake promotion agent marked duplicate: duplicate entity domain: https://basecase.vc"
intake-round13-5f4557dca361,Mosaic Software Group,manual_curation,https://www.mosaicsoftwaregroup.com/,https://www.mosaicsoftwaregroup.com/,manual:claude_curation_round13_2026-05-29,Portfolio Capital,permanent-capital software holdco (buy-and-hold),active,public_web,high,needs_verification,duplicate,2026-05-29,Curated round13 on 2026-05-29. Homepage quote: Mosaic is the best permanent home for ambitious B2B software companies. Intake promotion agent marked duplicate: duplicate entity domain: https://www.mosaicsoftwaregroup.com
intake-web-fa45d466576c,Acquisition Criteria,web_search_result,https://www.csiandromeda.com/acquisition-criteria,https://www.csiandromeda.com/acquisition-criteria,duckduckgo:target-004-smv,SMV,software acquisition firm,unknown,public_web,high,needs_verification,duplicate,2026-05-29,Public-web discovery result from query: software holding company acquire bootstrapped SaaS founders permanent home. Confirm source text before promotion. Intake promotion agent marked duplicate: duplicate entity domain: https://www.csiandromeda.com
intake-web-097e0745e181,Startup Financing,web_search_result,https://www.lightercapital.com/how-it-works,https://www.lightercapital.com/how-it-works,duckduckgo:target-025-smv,SMV,capital provider / fund / acquirer / platform,unknown,public_web,high,needs_verification,duplicate,2026-05-29,Public-web discovery result from query: revenue based financing alternative venture capital growth founder friendly software. Confirm source text before promotion. Intake promotion agent marked duplicate: duplicate entity domain: https://www.lightercapital.com/
intake-web-9f4392ddd18f,Being Acquired,web_search_result,https://jonassoftware.com/being-acquired,https://jonassoftware.com/being-acquired,duckduckgo:target-020-patient-capital,Patient Capital,patient capital provider / evergreen fund / holding company,unknown,public_web,high,needs_verification,duplicate,2026-05-29,Public-web discovery result from query: permanent equity holding company acquire SMB software services no exit forever. Confirm source text before promotion. Intake promotion agent marked duplicate: duplicate entity domain: https://www.jonassoftware.com/
intake-web-53505e362909,"Vesta Software Group, We Acquire, Invest & Grow. Forever!",web_search_result,https://www.vestasoftwaregroup.com,https://www.vestasoftwaregroup.com,duckduckgo:target-020-patient-capital,Patient Capital,patient capital provider / evergreen fund / holding company,unknown,public_web,high,needs_verification,duplicate,2026-05-29,Public-web discovery result from query: permanent equity holding company acquire SMB software services no exit forever. Confirm source text before promotion. Intake promotion agent marked duplicate: duplicate entity domain: https://www.vestasoftwaregroup.com/
intake-round16-33f2d8b75dc8,WayFinder Capital (Australia),manual_curation,https://www.wayfindercapital.com.au/,https://www.wayfindercapital.com.au/,manual:claude_curation_round16_2026-05-29,Search/ETA,Australian institutional search fund,active,public_web,high,needs_verification,duplicate,2026-05-29,Curated round16 on 2026-05-29. Homepage quote: Australia's first institutional fund to exclusively focus on investing in Search Funds Intake promotion agent marked duplicate: duplicate entity domain: https://www.wayfindercapital.com.au/
intake-round16-7f39fc9c1eb7,Legacy Partners (Germany),manual_curation,https://www.legacy-partners.de/en/search-fund,https://www.legacy-partners.de/en/search-fund,manual:claude_curation_round16_2026-05-29,Search/ETA,German search fund investor,active,public_web,high,needs_verification,duplicate,2026-05-29,Curated round16 on 2026-05-29. Homepage quote: empower them to find and acquire enduringly profitable companies Intake promotion agent marked duplicate: duplicate entity domain: https://www.legacy-partners.de/en/search-fund
