entity_id,entity_name,primary_asset_class,entity_type,website,fit_score,entity_evidence_status,claim_id,claim_type,claim,claim_evidence_status,claim_confidence,source_url,source_quality,source_tier,source_text_snippet,paper_ready
microconf,MicroConf,LMV,community/conference,https://microconf.com/,76,candidate_evidence,claim-4af53a7a103a,smv_language,Source text for MicroConf contains smv language evidence.,verified_fact,82,https://microconf.com/,primary,public_web,"Events For more than a decade, we’ve hosted online and in-person events that are laser-focused on bootstrapped startups.",0
microconf,MicroConf,LMV,community/conference,https://microconf.com/,76,candidate_evidence,claim-microconf-001,classification,MicroConf is a candidate community node for bootstrapped and calm company founders.,candidate_evidence,65,https://microconf.com/,primary,public_web,,0
braavo-capital,Braavo Capital,LMV,capital provider,https://www.getbraavo.com/,74,candidate_evidence,claim-braavo-capital-001,classification,Braavo is a candidate non-dilutive capital provider for app businesses.,candidate_evidence,65,https://www.getbraavo.com/,primary,public_web,,0
indie-hackers,Indie Hackers,LMV,community,https://www.indiehackers.com/,74,candidate_evidence,claim-indie-hackers-001,classification,Indie Hackers is a candidate discourse/community node for LMV and seedstrapping evidence.,candidate_evidence,65,https://www.indiehackers.com/,primary,public_web,,0
ai-grant,AI Grant,LMV,grant/fund,https://aigrant.org/,72,candidate_evidence,claim-ai-grant-001,classification,AI Grant is a candidate AI-era micro-capital entity.,candidate_evidence,65,https://aigrant.org/,primary,public_web,,0
hf0,HF0,LMV,AI residency/fund,https://www.hf0.com/,72,candidate_evidence,claim-hf0-001,classification,HF0 is a candidate AI-native founder capital program.,candidate_evidence,65,https://www.hf0.com/,primary,public_web,,0
microns,Microns,LMV,micro-startup marketplace,https://www.microns.io/,70,candidate_evidence,claim-microns-001,classification,Microns is a candidate micro-startup marketplace.,candidate_evidence,65,https://www.microns.io/,primary,public_web,,0
pioneer,Pioneer,LMV,founder platform,https://pioneer.app/,70,candidate_evidence,claim-643264853e65,lmv_language,Source text for Pioneer contains lmv language evidence.,verified_fact,82,https://pioneer.app/,primary,public_web,"I met a lot of like-minded and incredibly talented founders.” - Rahul Tarak , Scalar “Pioneer was a fantastic experience, and the whole team is smart, driven, and fun!” - Greg Funtusov , Atelier “As a solo founder sometimes you just need someone to brainstorm with and having Rishi with the experience he has is 10x better.” - Alvaro Molina , EnhanceDocs “Rishi, Daniel and Shri were the first ones to believe in our vision.",0
pioneer,Pioneer,LMV,founder platform,https://pioneer.app/,70,candidate_evidence,claim-pioneer-001,classification,Pioneer is a candidate founder discovery and micro-capital platform.,candidate_evidence,65,https://pioneer.app/,primary,public_web,,0
weekend-fund,Weekend Fund,LMV,venture fund,https://weekend.fund/,68,candidate_evidence,claim-weekend-fund-001,classification,Weekend Fund is a candidate micro/early-stage fund for the LMV lane.,candidate_evidence,65,https://weekend.fund/,primary,public_web,,0
calm-company-fund,Calm Company Fund,Patient Capital,capital provider,https://calmfund.com/,91,candidate_evidence,claim-0c8c06e44ffc,smv_language,Source text for Calm Company Fund contains smv language evidence.,verified_fact,82,https://calmfund.com/,primary,public_web,We invest early in profitable businesses that want to maximize their chances of success and build for the long-term.,0
calm-company-fund,Calm Company Fund,Patient Capital,capital provider,https://calmfund.com/,91,candidate_evidence,claim-84b788cd3c3a,portfolio_capital_language,Source text for Calm Company Fund contains portfolio capital language evidence.,verified_fact,82,https://calmfund.com/,primary,public_web,"- The Generalist Our PORTFOLIO See More Instead of tweeting for help, my first thought is the Calm Company Fund community.",0
calm-company-fund,Calm Company Fund,Patient Capital,capital provider,https://calmfund.com/,91,candidate_evidence,claim-aa3b279d6fcd,patient_capital_language,Source text for Calm Company Fund contains patient capital language evidence.,verified_fact,82,https://calmfund.com/,primary,public_web,We invest early in profitable businesses that want to maximize their chances of success and build for the long-term.,0
calm-company-fund,Calm Company Fund,Patient Capital,capital provider,https://calmfund.com/,91,candidate_evidence,claim-c197b6ddb072,instrument_language,Source text for Calm Company Fund contains instrument language evidence.,verified_fact,82,https://calmfund.com/,primary,public_web,Our Shared Earnings Agreement investment structure keeps founders in total control and aligns us with profitable businesses.,0
calm-company-fund,Calm Company Fund,Patient Capital,capital provider,https://calmfund.com/,91,candidate_evidence,claim-calm-company-fund-001,classification,Calm Company Fund is a candidate entity for shared earnings and patient capital structures.,candidate_evidence,65,https://calmfund.com/,primary,public_web,,0
permanent-equity,Permanent Equity,Patient Capital,private equity firm,https://www.permanentequity.com/,84,candidate_evidence,claim-permanent-equity-001,classification,Permanent Equity is a candidate long-duration capital provider.,candidate_evidence,65,https://www.permanentequity.com/,primary,public_web,,0
acumen,Acumen,Patient Capital,impact investor,https://acumen.org/,82,candidate_evidence,claim-5f0a89252ab0,patient_capital_language,Source text for Acumen contains patient capital language evidence.,verified_fact,82,https://acumen.org/,primary,public_web,What we do Acumen Academy Acumen Ventures Approach Impact Patient Capital Investment portfolio Acumen Academy The world’s school for social change Acumen Ventures Venture philanthropy for visionary entrepreneurs Approach We are determined to break the cycle of poverty.,0
acumen,Acumen,Patient Capital,impact investor,https://acumen.org/,82,candidate_evidence,claim-b52a691a190a,portfolio_capital_language,Source text for Acumen contains portfolio capital language evidence.,verified_fact,82,https://acumen.org/,primary,public_web,What we do Acumen Academy Acumen Ventures Approach Impact Patient Capital Investment portfolio Acumen Academy The world’s school for social change Acumen Ventures Venture philanthropy for visionary entrepreneurs Approach We are determined to break the cycle of poverty.,0
acumen,Acumen,Patient Capital,impact investor,https://acumen.org/,82,candidate_evidence,claim-acumen-001,classification,Acumen is a candidate patient-capital reference institution.,candidate_evidence,65,https://acumen.org/,primary,public_web,,0
earnest-capital,Earnest Capital,Patient Capital,historical fund,https://earnestcapital.com/,82,candidate_evidence,claim-3a515253e4a1,sovereign_language,Source text for Earnest Capital contains sovereign language evidence.,verified_fact,82,https://earnestcapital.com/,primary,public_web,"Elle permet à Lolajack Casino d'accepter des joueurs français sans les restrictions imposées par la régulation nationale, offrant ainsi un accès à une gamme de jeux beaucoup plus large, notamment les machines à sous en ligne.",0
earnest-capital,Earnest Capital,Patient Capital,historical fund,https://earnestcapital.com/,82,candidate_evidence,claim-earnest-capital-001,classification,Earnest Capital is retained as a historical lineage source for shared earnings and calm-company capital.,candidate_evidence,65,https://earnestcapital.com/,primary,public_web,,0
indie-vc,Indie.vc,Patient Capital,historical fund,https://www.indie.vc/,82,candidate_evidence,claim-indie-vc-001,classification,Indie.vc is retained as a historical experiment in alternatives to classic VC.,candidate_evidence,65,https://www.indie.vc/,primary,public_web,,0
zebras-unite,Zebras Unite,Patient Capital,community/cooperative,https://www.zebrasunite.org/,82,candidate_evidence,claim-zebras-unite-001,classification,Zebras Unite is a candidate movement/community source for non-unicorn company models.,candidate_evidence,65,https://www.zebrasunite.org/,primary,public_web,,0
founders-first-capital-partners,Founders First Capital Partners,Patient Capital,revenue-based investor,https://foundersfirstcapitalpartners.com/,78,candidate_evidence,claim-dc189518019e,instrument_language,Source text for Founders First Capital Partners contains instrument language evidence.,verified_fact,82,https://foundersfirstcapitalpartners.com/,primary,public_web,"OUR SOLUTIONS Flexible Growth Capital Revenue-based, hybrid, and term loans up to $2M, designed to help you scale without giving up equity or control.",0
founders-first-capital-partners,Founders First Capital Partners,Patient Capital,revenue-based investor,https://foundersfirstcapitalpartners.com/,78,candidate_evidence,claim-founders-first-capital-partners-001,classification,Founders First is a candidate revenue-based and founder-friendly capital provider.,candidate_evidence,65,https://foundersfirstcapitalpartners.com/,primary,public_web,,0
teamshares,Teamshares,Patient Capital,ownership platform,https://www.teamshares.com/,78,candidate_evidence,claim-teamshares-001,classification,Teamshares is a candidate patient-capital ownership transition platform.,candidate_evidence,65,https://www.teamshares.com/,primary,public_web,,0
village-capital,Village Capital,Patient Capital,accelerator/investor,https://vilcap.com/,74,candidate_evidence,claim-village-capital-001,classification,Village Capital is a candidate ecosystem builder for alternative startup finance.,candidate_evidence,65,https://vilcap.com/,primary,public_web,,0
collab-capital,Collab Capital,Patient Capital,investment fund,https://collab.capital/,72,candidate_evidence,claim-139085b67e81,portfolio_capital_language,Source text for Collab Capital contains portfolio capital language evidence.,verified_fact,82,https://collab.capital/,primary,public_web,Collab Capital | Investing in the Building Blocks of Shared Prosperity Who We Are Our Founding Focus Meet Our Team Our Values Who We Fund How We Fund Community Infrastructure Healthcare Access Economic Mobility How We Partner Portfolio Fund 1 Fund 2 Newsroom Jobs Apply Investing in the building blocks of shared prosperity Who We Are Who We Fund How We Partner How to Apply Where Capital and Community Converge to Create a Home for Innovation.,0
collab-capital,Collab Capital,Patient Capital,investment fund,https://collab.capital/,72,candidate_evidence,claim-collab-capital-001,classification,Collab Capital is a candidate founder-friendly capital provider.,candidate_evidence,65,https://collab.capital/,primary,public_web,,0
purpose-ventures,Purpose Ventures,Patient Capital,venture fund,https://purpose.ventures/,72,candidate_evidence,claim-6d222e47c26a,smv_language,Source text for Purpose Ventures contains smv language evidence.,verified_fact,82,https://purpose.ventures/,primary,public_web,"If any advice relates to the acquisition, or possible acquisition, of a particular financial product you should read any relevant Product Disclosure Statement or like instrument.",0
purpose-ventures,Purpose Ventures,Patient Capital,venture fund,https://purpose.ventures/,72,candidate_evidence,claim-94e3b9c21b54,portfolio_capital_language,Source text for Purpose Ventures contains portfolio capital language evidence.,verified_fact,82,https://purpose.ventures/,primary,public_web,Purpose Ventures | $55M WA VC Fund Supporting Early-Stage Startups top of page ABOUT US OUR TEAM WHAT WE LOOK FOR HOW WE HELP OUR PARTNERS FUND SUMMARY OUR PORTFOLIO FOUNDERS APPLY FOR FUNDING INVESTMENT FAQs INVESTMENT PROCESS INVESTORS More...,0
purpose-ventures,Purpose Ventures,Patient Capital,venture fund,https://purpose.ventures/,72,candidate_evidence,claim-purpose-ventures-001,classification,Purpose Ventures is a candidate patient-capital venture entity.,candidate_evidence,65,https://purpose.ventures/,primary,public_web,,0
rsf-social-finance,RSF Social Finance,Patient Capital,social finance provider,https://rsfsocialfinance.org/,72,candidate_evidence,claim-rsf-social-finance-001,classification,RSF Social Finance is a candidate social-finance and patient-capital provider.,candidate_evidence,65,https://rsfsocialfinance.org/,primary,public_web,,0
boston-impact-initiative,Boston Impact Initiative,Patient Capital,impact investor,https://bostonimpact.org/,70,candidate_evidence,claim-32746d8d6576,portfolio_capital_language,Source text for Boston Impact Initiative contains portfolio capital language evidence.,verified_fact,82,https://bostonimpact.org/,primary,public_web,"Box 300443 Jamaica Plain, MA 02130 Quick Links Who We Are What We Fund Portfolio Companies Research and Reports Invest in Us Contact Privacy Policy Terms of Use Accessibility Statement Language Access Non-Discrimination In accordance with federal laws and U.S.",0
boston-impact-initiative,Boston Impact Initiative,Patient Capital,impact investor,https://bostonimpact.org/,70,candidate_evidence,claim-e0dde35531a8,sovereign_language,Source text for Boston Impact Initiative contains sovereign language evidence.,verified_fact,82,https://bostonimpact.org/,primary,public_web,"Department of the Treasury policy, this organization is prohibited from discriminating on the basis of race, color, national origin, sex, age, or disability.",0
boston-impact-initiative,Boston Impact Initiative,Patient Capital,impact investor,https://bostonimpact.org/,70,candidate_evidence,claim-boston-impact-initiative-001,classification,Boston Impact Initiative is a candidate integrated-capital provider.,candidate_evidence,65,https://bostonimpact.org/,primary,public_web,,0
candide-group,Candide Group,Patient Capital,impact investment advisor,https://candidegroup.com/,70,candidate_evidence,claim-f9dc1df205d8,portfolio_capital_language,Source text for Candide Group contains portfolio capital language evidence.,verified_fact,82,https://candidegroup.com/,primary,public_web,For Capital Seekers Portfolio Below are recently facilitated investments.,0
candide-group,Candide Group,Patient Capital,impact investment advisor,https://candidegroup.com/,70,candidate_evidence,claim-candide-group-001,classification,Candide Group is a candidate impact/patient-capital ecosystem entity.,candidate_evidence,65,https://candidegroup.com/,primary,public_web,,0
common-future,Common Future,Patient Capital,community finance organization,https://www.commonfuture.co/,68,candidate_evidence,claim-common-future-001,classification,Common Future is a candidate community capital ecosystem entity.,candidate_evidence,65,https://www.commonfuture.co/,primary,public_web,,0
constellation-software,Constellation Software,Portfolio Capital,software holding company,https://www.csisoftware.com/,93,candidate_evidence,claim-constellation-software-001,classification,Constellation Software is a candidate anchor institution for software acquisition compounding.,candidate_evidence,65,https://www.csisoftware.com/,primary,public_web,,0
volaris-group,Volaris Group,Portfolio Capital,software acquirer,https://www.volarisgroup.com/,91,candidate_evidence,claim-volaris-group-001,classification,Volaris is a candidate software acquirer and operating group.,candidate_evidence,65,https://www.volarisgroup.com/,primary,public_web,,0
banyan-software,Banyan Software,Portfolio Capital,software holding company,https://www.banyansoftware.com/,90,candidate_evidence,claim-banyan-software-001,classification,Banyan Software is a candidate permanent-capital software acquirer.,candidate_evidence,65,https://www.banyansoftware.com/,primary,public_web,,0
valsoft,Valsoft,Portfolio Capital,software holding company,https://www.valsoftcorp.com/,90,candidate_evidence,claim-valsoft-001,classification,Valsoft is a candidate buy-and-hold software acquirer.,candidate_evidence,65,https://www.valsoftcorp.com/,primary,public_web,,0
arcadea-group,Arcadea Group,Portfolio Capital,software acquirer,https://www.arcadeagroup.com/,88,candidate_evidence,claim-arcadea-group-001,classification,Arcadea is a candidate long-duration software acquirer.,candidate_evidence,65,https://www.arcadeagroup.com/,primary,public_web,,0
sureswift-capital,SureSwift Capital,Portfolio Capital,SaaS holding company,https://www.sureswiftcapital.com/,88,candidate_evidence,claim-sureswift-capital-001,classification,SureSwift is a candidate SaaS acquisition holding company.,candidate_evidence,65,https://www.sureswiftcapital.com/,primary,public_web,,0
lumine-group,Lumine Group,Portfolio Capital,software holding company,https://www.luminegroup.com/,86,candidate_evidence,claim-lumine-group-001,classification,Lumine Group is a candidate vertical software holding company.,candidate_evidence,65,https://www.luminegroup.com/,primary,public_web,,0
tag-software-group,TAG Software Group,Portfolio Capital,software acquirer,https://www.tagsoftwaregroup.com/,86,candidate_evidence,claim-tag-software-group-001,classification,TAG Software Group is a candidate permanent-capital software acquirer.,candidate_evidence,65,https://www.tagsoftwaregroup.com/,primary,public_web,,0
tiny,Tiny,Portfolio Capital,holding company,https://www.tiny.com/,86,candidate_evidence,claim-tiny-001,classification,Tiny is a candidate internet-business holding company in the atlas.,candidate_evidence,65,https://www.tiny.com/,primary,public_web,,0
saas-group,saas.group,Portfolio Capital,SaaS holding company,https://saas.group/,86,candidate_evidence,claim-3d2bfa2357fe,smv_language,Source text for saas.group contains smv language evidence.,verified_fact,82,https://saas.group/,primary,public_web,saas.group - A great new home for your SaaS business Skip to content About Family Careers Resources Blog Academy saas.connect M&A course Events Communities Podcasts Podcast Get in Touch About Family Careers Resources Blog Academy saas.connect M&A course Events Communities Podcasts Podcast Get in Touch Get in Touch A Great New Home for Your Business and a Dream Exit for You saas.group acquires SaaS companies with a bootstrapper mindset .,0
saas-group,saas.group,Portfolio Capital,SaaS holding company,https://saas.group/,86,candidate_evidence,claim-c4d882c0fa04,lmv_language,Source text for saas.group contains lmv language evidence.,verified_fact,82,https://saas.group/,primary,public_web,"See on Youtube bootstrapping , Building SaaS in public , saas.unbound , solo founders Pricing for Developers.",0
saas-group,saas.group,Portfolio Capital,SaaS holding company,https://saas.group/,86,candidate_evidence,claim-cba1adcd834d,portfolio_capital_language,Source text for saas.group contains portfolio capital language evidence.,verified_fact,82,https://saas.group/,primary,public_web,My answer: 100% yes!” Our family Fast Growing Family saas.group has been adding fantastic businesses to its portfolio since 2017 and is aiming for more growth.,0
saas-group,saas.group,Portfolio Capital,SaaS holding company,https://saas.group/,86,candidate_evidence,claim-saas-group-001,classification,saas.group is a candidate SaaS acquisition platform.,candidate_evidence,65,https://saas.group/,primary,public_web,,0
everfield,Everfield,Portfolio Capital,software acquirer,https://everfield.com/,85,candidate_evidence,claim-e424f4ff8bd0,patient_capital_language,Source text for Everfield contains patient capital language evidence.,verified_fact,82,https://everfield.com/,primary,public_web,"As a dedicated long-term investor and growth accelerator for mission-critical software companies, our goal is to partner with you in your journey, ensuring continuous growth and prosperity for your company.",0
everfield,Everfield,Portfolio Capital,software acquirer,https://everfield.com/,85,candidate_evidence,claim-ea213d7cfefa,smv_language,Source text for Everfield contains smv language evidence.,verified_fact,82,https://everfield.com/,primary,public_web,"Everfield home - Accelerating ambition, one acquisition at a time Skip to content Who we are Why sell to Everfield Acquisition process Our ecosystem CEO Stories Knowledge platform Careers Get in touch Get in touch Accelerating ambition, one acquisition at a time You’ve worked hard for your success – spending years to develop the best software in the industry, satisfying demanding clients, and growing your company.",0
everfield,Everfield,Portfolio Capital,software acquirer,https://everfield.com/,85,candidate_evidence,claim-everfield-001,classification,Everfield is a candidate European B2B software acquirer.,candidate_evidence,65,https://everfield.com/,primary,public_web,,0
alpine-software-group,Alpine Software Group,Portfolio Capital,software holding company,https://www.alpinesg.com/,84,candidate_evidence,claim-alpine-software-group-001,classification,Alpine Software Group is a candidate vertical SaaS acquirer.,candidate_evidence,65,https://www.alpinesg.com/,primary,public_web,,0
aspire-software,Aspire Software,Portfolio Capital,software operating group,https://www.aspiresoftware.com/,84,candidate_evidence,claim-aspire-software-001,classification,Aspire Software is a candidate software operating group.,candidate_evidence,65,https://www.aspiresoftware.com/,primary,public_web,,0
harris-computer,Harris Computer,Portfolio Capital,software operating group,https://www.harriscomputer.com/,84,candidate_evidence,claim-harris-computer-001,classification,Harris Computer is a candidate vertical software acquirer.,candidate_evidence,65,https://www.harriscomputer.com/,primary,public_web,,0
high-alpha,High Alpha,Portfolio Capital,venture studio,https://www.highalpha.com/,84,candidate_evidence,claim-high-alpha-001,classification,High Alpha is a candidate venture studio and portfolio capital entity.,candidate_evidence,65,https://www.highalpha.com/,primary,public_web,,0
jonas-software,Jonas Software,Portfolio Capital,software operating group,https://www.jonassoftware.com/,84,candidate_evidence,claim-jonas-software-001,classification,Jonas Software is a candidate vertical software acquirer.,candidate_evidence,65,https://www.jonassoftware.com/,primary,public_web,,0
scaleworks,Scaleworks,Portfolio Capital,venture equity / operator,https://scaleworks.com/,84,candidate_evidence,claim-4092e52d19ea,search_eta_language,Source text for Scaleworks contains search eta language evidence.,verified_fact,82,https://scaleworks.com/,primary,public_web,"Founder(s) Bonnie Crater, Dan Appleman CEO Jacek Materna Visit Website Building Great SaaS Teams We are a team of operators focused on company building, positioning, strategy and growth.",0
scaleworks,Scaleworks,Portfolio Capital,venture equity / operator,https://scaleworks.com/,84,candidate_evidence,claim-4d49a7bba59c,portfolio_capital_language,Source text for Scaleworks contains portfolio capital language evidence.,verified_fact,82,https://scaleworks.com/,primary,public_web,"Our Portfolio Meet our family of companies Current Exited All Centage Centage is the leading provider of modern FP&A software solutions, making sophisticated budgeting, planning, and forecasting easy and accessible for SMBs.",0
scaleworks,Scaleworks,Portfolio Capital,venture equity / operator,https://scaleworks.com/,84,candidate_evidence,claim-f782b1fc8785,smv_language,Source text for Scaleworks contains smv language evidence.,verified_fact,82,https://scaleworks.com/,primary,public_web,We Invest In & Operate B2B SaaS Companies Tell us about yourself.,0
scaleworks,Scaleworks,Portfolio Capital,venture equity / operator,https://scaleworks.com/,84,candidate_evidence,claim-scaleworks-001,classification,Scaleworks is a candidate B2B SaaS acquisition and operating platform.,candidate_evidence,65,https://scaleworks.com/,primary,public_web,,0
atomic,Atomic,Portfolio Capital,venture studio,https://atomic.vc/,82,candidate_evidence,claim-1204b4724e4d,search_eta_language,Source text for Atomic contains search eta language evidence.,verified_fact,82,https://atomic.vc/,primary,public_web,It was beneficial to get perspective on the things to get early clarity on versus some things that should wait and great to work with other operators that truly understand the challenges of building a company in its early days.,0
atomic,Atomic,Portfolio Capital,venture studio,https://atomic.vc/,82,candidate_evidence,claim-4c3118884c8a,portfolio_capital_language,Source text for Atomic contains portfolio capital language evidence.,verified_fact,82,https://atomic.vc/,primary,public_web,Design IT Communications Engineering Operations Recruiting Finance Legal People Ops Marketing Accounting More Latest insights Sam Altman invests in energy startup focused on AI data centers Wall Street Journal Go to article Atomic CEO says this is best time to build companies Bloomberg TV Go to article Exclusive: venture studio Atomic raises $320 Million for its fourth fund and adds ex-Postmates CFO as GP Fortune Go to article Read more “Atomic is like Pixar is to movies.,0
atomic,Atomic,Portfolio Capital,venture studio,https://atomic.vc/,82,candidate_evidence,claim-5b6b0199f3a5,sovereign_language,Source text for Atomic contains sovereign language evidence.,verified_fact,82,https://atomic.vc/,primary,public_web,Many accidental payment failures happen internationally and it’s usually traced back to old antiquated payments rails that lead to false declines.,0
atomic,Atomic,Portfolio Capital,venture studio,https://atomic.vc/,82,candidate_evidence,claim-7a56f9e18e2b,lmv_language,Source text for Atomic contains lmv language evidence.,verified_fact,82,https://atomic.vc/,primary,public_web,"Investors Atomic, Redpoint, A*, & other great investors elly.ai AI-native recruiting platform.",0
atomic,Atomic,Portfolio Capital,venture studio,https://atomic.vc/,82,candidate_evidence,claim-cc7f8d7ebc4e,patient_capital_language,Source text for Atomic contains patient capital language evidence.,verified_fact,82,https://atomic.vc/,primary,public_web,There he found an underserved market of young professionals who wanted the flexibility to move to a new city without a long-term lease while having a local community and friend network.,0
atomic,Atomic,Portfolio Capital,venture studio,https://atomic.vc/,82,candidate_evidence,claim-d8d662aeecc8,smv_language,Source text for Atomic contains smv language evidence.,verified_fact,82,https://atomic.vc/,primary,public_web,OpenStore is the simplest and most profitable way for Shopify founders to sell their online store and get life-changing cash offers within 24 hours.,0
atomic,Atomic,Portfolio Capital,venture studio,https://atomic.vc/,82,candidate_evidence,claim-atomic-001,classification,Atomic is a candidate venture studio.,candidate_evidence,65,https://atomic.vc/,primary,public_web,,0
esw-capital,ESW Capital,Portfolio Capital,software acquirer,https://www.eswcapital.com/,82,candidate_evidence,claim-esw-capital-001,classification,ESW Capital is a candidate software acquirer.,candidate_evidence,65,https://www.eswcapital.com/,primary,public_web,,0
hexa,Hexa,Portfolio Capital,startup studio,https://www.hexa.com/,82,candidate_evidence,claim-hexa-001,classification,Hexa is a candidate startup studio.,candidate_evidence,65,https://www.hexa.com/,primary,public_web,,0
perseus-group,Perseus Group,Portfolio Capital,software operating group,https://www.csiperseus.com/,82,candidate_evidence,claim-perseus-group-001,classification,Perseus Group is a candidate software acquisition operating group.,candidate_evidence,65,https://www.csiperseus.com/,primary,public_web,,0
expa,Expa,Portfolio Capital,startup studio/fund,https://www.expa.com/,80,candidate_evidence,claim-expa-001,classification,Expa is a candidate startup studio.,candidate_evidence,65,https://www.expa.com/,primary,public_web,,0
topicus,Topicus,Portfolio Capital,software holding company,https://www.topicus.com/,80,candidate_evidence,claim-topicus-001,classification,Topicus is a candidate software acquisition and operating platform.,candidate_evidence,65,https://www.topicus.com/,primary,public_web,,0
vertus-group,Vertus Group,Portfolio Capital,software acquirer,https://www.vertusgroup.com/,80,candidate_evidence,claim-vertus-group-001,classification,Vertus Group is a candidate software acquirer.,candidate_evidence,65,https://www.vertusgroup.com/,primary,public_web,,0
antler,Antler,Portfolio Capital,startup generator/investor,https://www.antler.co/,78,candidate_evidence,claim-antler-001,classification,Antler is a candidate global company-formation investor.,candidate_evidence,65,https://www.antler.co/,primary,public_web,,0
betaworks,Betaworks,Portfolio Capital,startup studio,https://betaworks.com/,78,candidate_evidence,claim-betaworks-001,classification,Betaworks is a candidate startup studio.,candidate_evidence,65,https://betaworks.com/,primary,public_web,,0
chapters-group,Chapters Group,Portfolio Capital,holding company,https://www.chaptersgroup.com/,78,candidate_evidence,claim-chapters-group-001,classification,Chapters Group is a candidate acquisition holding company.,candidate_evidence,65,https://www.chaptersgroup.com/,primary,public_web,,0
entrepreneur-first,Entrepreneur First,Portfolio Capital,talent investor,https://www.joinef.com/,78,candidate_evidence,claim-entrepreneur-first-001,classification,Entrepreneur First is a candidate company-formation capital platform.,candidate_evidence,65,https://www.joinef.com/,primary,public_web,,0
founders-factory,Founders Factory,Portfolio Capital,venture studio/accelerator,https://foundersfactory.com/,78,candidate_evidence,claim-3f02af6d61ab,portfolio_capital_language,Source text for Founders Factory contains portfolio capital language evidence.,verified_fact,82,https://foundersfactory.com/,primary,public_web,"Read more Founders Factory named the UK's top ranked startup hub | Financial Times Founders Factory named the UK's top ranked startup hub | Financial Times The FT European Startup Hubs Ranking 2025 named Founders Factory as the top Venture Studio and Accelerator in the UK, and a top five startup hub in Europe.",0
founders-factory,Founders Factory,Portfolio Capital,venture studio/accelerator,https://foundersfactory.com/,78,candidate_evidence,claim-7f90a5f37d58,search_eta_language,Source text for Founders Factory contains search eta language evidence.,verified_fact,82,https://foundersfactory.com/,primary,public_web,Our programs Operational Support Co-founder level support from our 60+ team of builders and operators.,0
founders-factory,Founders Factory,Portfolio Capital,venture studio/accelerator,https://foundersfactory.com/,78,candidate_evidence,claim-9b199bad6d2f,smv_language,Source text for Founders Factory contains smv language evidence.,verified_fact,82,https://foundersfactory.com/,primary,public_web,"Read more Landvault is acquired by Infinite Reality for $450M Landvault is acquired by Infinite Reality for $450M The acquisition aims to deliver on the promise of building a '3D internet', helping brands develop and monetise immersive experiences online.",0
founders-factory,Founders Factory,Portfolio Capital,venture studio/accelerator,https://foundersfactory.com/,78,candidate_evidence,claim-cc448805ac30,sovereign_language,Source text for Founders Factory contains sovereign language evidence.,verified_fact,82,https://foundersfactory.com/,primary,public_web,Industrial AI Storyblok Storyblok / Series C Storyblok i s the Top Ranked CMS for creating powerful experiences on any digital channel.,0
founders-factory,Founders Factory,Portfolio Capital,venture studio/accelerator,https://foundersfactory.com/,78,candidate_evidence,claim-founders-factory-001,classification,Founders Factory is a candidate venture studio.,candidate_evidence,65,https://foundersfactory.com/,primary,public_web,,0
greater-sum-ventures,Greater Sum Ventures,Portfolio Capital,growth equity / acquirer,https://greatersumventures.com/,78,candidate_evidence,claim-384bac0652b9,portfolio_capital_language,Source text for Greater Sum Ventures contains portfolio capital language evidence.,verified_fact,82,https://greatersumventures.com/,primary,public_web,Greater Sum Ventures About Team Portfolio Resources Alternative Strategies INVESTMENT Real Assets Public Equities - coming soon PHILANTHROPY Greater Sum Giving - coming soon Investment Inquiry Interested in learning more about our traditional and alternative investments?,0
greater-sum-ventures,Greater Sum Ventures,Portfolio Capital,growth equity / acquirer,https://greatersumventures.com/,78,candidate_evidence,claim-8cc90ccb70be,smv_language,Source text for Greater Sum Ventures contains smv language evidence.,verified_fact,82,https://greatersumventures.com/,primary,public_web,"Greater Sum Ventures is a Tennessee based, founder-friendly investment firm that excels at partnering with vertical software and tech-enabled service companies in the lower-middle market.",0
greater-sum-ventures,Greater Sum Ventures,Portfolio Capital,growth equity / acquirer,https://greatersumventures.com/,78,candidate_evidence,claim-a02454faa872,search_eta_language,Source text for Greater Sum Ventures contains search eta language evidence.,verified_fact,82,https://greatersumventures.com/,primary,public_web,"These aren’t ex-consultants; they’re operators and entrepreneurs that have successfully founded, built, and exited companies.",0
greater-sum-ventures,Greater Sum Ventures,Portfolio Capital,growth equity / acquirer,https://greatersumventures.com/,78,candidate_evidence,claim-greater-sum-ventures-001,classification,Greater Sum Ventures is a candidate business software investor/acquirer.,candidate_evidence,65,https://greatersumventures.com/,primary,public_web,,0
idealab,Idealab,Portfolio Capital,startup studio,https://www.idealab.com/,78,candidate_evidence,claim-idealab-001,classification,Idealab is a candidate startup studio.,candidate_evidence,65,https://www.idealab.com/,primary,public_web,,0
main-capital-partners,Main Capital Partners,Portfolio Capital,software investor,https://main.nl/,78,candidate_evidence,claim-4d7de21a1083,sovereign_language,Source text for Main Capital Partners contains sovereign language evidence.,verified_fact,82,https://main.nl/,primary,public_web,"Together we build international, market leading software groups.",0
main-capital-partners,Main Capital Partners,Portfolio Capital,software investor,https://main.nl/,78,candidate_evidence,claim-a92fb9bfc7ca,portfolio_capital_language,Source text for Main Capital Partners contains portfolio capital language evidence.,verified_fact,82,https://main.nl/,primary,public_web,Main Capital - Accelerate Enterprise Software businesses together Investor Portal Investor Portal Main Capital VIII & Main Foundation II) Other funds Pulse login Portfolio Approach Knowledge Events Investors ESG About Team EN DE FR Investor Portal Investor Portal Main Capital VIII & Main Foundation II) Other funds Pulse login Main Capital Partners Accelerate Enterprise Software businesses together.,0
main-capital-partners,Main Capital Partners,Portfolio Capital,software investor,https://main.nl/,78,candidate_evidence,claim-d52c018603c7,smv_language,Source text for Main Capital Partners contains smv language evidence.,verified_fact,82,https://main.nl/,primary,public_web,"Who we are As a strategic partner, we provide Enterprise Software companies with the right knowledge and guidance along their profitable growth journeys.",0
main-capital-partners,Main Capital Partners,Portfolio Capital,software investor,https://main.nl/,78,candidate_evidence,claim-main-capital-partners-001,classification,Main Capital Partners is a candidate software-focused investor.,candidate_evidence,65,https://main.nl/,primary,public_web,,0
pioneer-square-labs,Pioneer Square Labs,Portfolio Capital,startup studio,https://www.psl.com/,78,candidate_evidence,claim-pioneer-square-labs-001,classification,Pioneer Square Labs is a candidate startup studio.,candidate_evidence,65,https://www.psl.com/,primary,public_web,,0
rocket-internet,Rocket Internet,Portfolio Capital,venture builder,https://www.rocket-internet.com/,78,candidate_evidence,claim-rocket-internet-001,classification,Rocket Internet is a candidate venture builder.,candidate_evidence,65,https://www.rocket-internet.com/,primary,public_web,,0
software-circle,Software Circle,Portfolio Capital,software acquirer,https://www.softwarecircle.com/,78,candidate_evidence,claim-software-circle-001,classification,Software Circle is a candidate public software acquisition platform.,candidate_evidence,65,https://www.softwarecircle.com/,primary,public_web,,0
team8,Team8,Portfolio Capital,venture group,https://team8.vc/,78,candidate_evidence,claim-team8-001,classification,Team8 is a candidate company creation and venture capital platform.,candidate_evidence,65,https://team8.vc/,primary,public_web,,0
visma,Visma,Portfolio Capital,software company/acquirer,https://www.visma.com/,78,candidate_evidence,claim-visma-001,classification,Visma is a candidate European software acquirer.,candidate_evidence,65,https://www.visma.com/,primary,public_web,,0
fractal-software,Fractal Software,Portfolio Capital,vertical SaaS studio,https://www.fractalsoftware.com/,76,candidate_evidence,claim-fractal-software-001,classification,Fractal Software is a candidate vertical SaaS studio.,candidate_evidence,65,https://www.fractalsoftware.com/,primary,public_web,,0
human-ventures,Human Ventures,Portfolio Capital,startup studio,https://human.vc/,76,candidate_evidence,claim-aa0eb85dc88b,portfolio_capital_language,Source text for Human Ventures contains portfolio capital language evidence.,verified_fact,82,https://human.vc/,primary,public_web,"Business creation platform | Human Ventures Portfolio Jobs Writing Founders Angels Values Human Ventures Home Portfolio About Us Join Us Blog Humans in the Wild Angels Contact Us human@human.vc 225 Liberty St 29th Floor New York, NY 10281 We Invest In Humans first.",0
human-ventures,Human Ventures,Portfolio Capital,startup studio,https://human.vc/,76,candidate_evidence,claim-human-ventures-001,classification,Human Ventures is a candidate startup studio.,candidate_evidence,65,https://human.vc/,primary,public_web,,0
juxtapose,Juxtapose,Portfolio Capital,creation-oriented investment firm,https://www.juxtapose.com/,76,candidate_evidence,claim-juxtapose-001,classification,Juxtapose is a candidate company creation platform.,candidate_evidence,65,https://www.juxtapose.com/,primary,public_web,,0
wilbur-labs,Wilbur Labs,Portfolio Capital,startup studio,https://www.wilburlabs.com/,76,candidate_evidence,claim-wilbur-labs-001,classification,Wilbur Labs is a candidate startup studio.,candidate_evidence,65,https://www.wilburlabs.com/,primary,public_web,,0
enhance-ventures,Enhance Ventures,Portfolio Capital,venture studio,https://enhance.online/,74,candidate_evidence,claim-5e894aabdee1,sovereign_language,Source text for Enhance Ventures contains sovereign language evidence.,verified_fact,82,https://enhance.online/,primary,public_web,"Established in 2022, Enhance Innovation works with leading corporations and government entities to build ventures and venture studios.",0
enhance-ventures,Enhance Ventures,Portfolio Capital,venture studio,https://enhance.online/,74,candidate_evidence,claim-66141e742203,portfolio_capital_language,Source text for Enhance Ventures contains portfolio capital language evidence.,verified_fact,82,https://enhance.online/,primary,public_web,"About Us Portfolio Studios Edge by Enhance Studio Ecosystem Building We are venture building pioneers Transforming ideas into impactful ventures, Enhance Ventures is pioneering innovation across MENAPT and beyond.",0
enhance-ventures,Enhance Ventures,Portfolio Capital,venture studio,https://enhance.online/,74,candidate_evidence,claim-enhance-ventures-001,classification,Enhance Ventures is a candidate venture studio.,candidate_evidence,65,https://enhance.online/,primary,public_web,,0
science-inc,Science Inc.,Portfolio Capital,startup studio,https://www.science-inc.com/,74,candidate_evidence,claim-science-inc-001,classification,Science Inc. is a candidate startup studio.,candidate_evidence,65,https://www.science-inc.com/,primary,public_web,,0
tinyseed,TinySeed,SMV,accelerator/fund,https://tinyseed.com/,93,verified_fact,claim-a11ce767be37,portfolio_capital_language,Source text for TinySeed contains portfolio capital language evidence.,verified_fact,82,https://tinyseed.com/,primary,public_web,"Select portfolio companies: View Portfolio JANE PORTMAN, USERLIST “With TinySeed, we extended our runway and focused on growing Userlist for a whole year , guilt-free and worry-free.",0
tinyseed,TinySeed,SMV,accelerator/fund,https://tinyseed.com/,93,verified_fact,claim-d246a966d500,smv_language,Source text for TinySeed contains smv language evidence.,verified_fact,82,https://tinyseed.com/,primary,public_web,The problems bootstrapped teams face at $1M and up are vastly different from the problems you faced at $10K MRR—which is why many SaaS businesses plateau around the million-dollar point.,0
tinyseed,TinySeed,SMV,accelerator/fund,https://tinyseed.com/,93,verified_fact,claim-tinyseed-001,classification,TinySeed is a candidate industry entity for bootstrapped SaaS and revenue-linked startup capital.,verified_fact,90,https://tinyseed.com/,primary,public_web,,0
sv8,SV8,SMV,fund/syndicate,https://sv8.vc/,92,candidate_evidence,claim-93c6c1458b44,portfolio_capital_language,Source text for SV8 contains portfolio capital language evidence.,verified_fact,82,https://sv8.vc/,primary,public_web,SV8 SV8 INVESTORS FOUNDERS PORTFOLIO APPROACH TEAM CONTACT SV8 Venture Capital Through The M&A Lens SV8 is a Silicon Valley-based Syndicate Venture Capital firm led by Mergers & Acquisitions veterans (50+ M&A transactions totaling $20B+).,0
sv8,SV8,SMV,fund/syndicate,https://sv8.vc/,92,candidate_evidence,claim-ce6bff2f53f3,smv_language,Source text for SV8 contains smv language evidence.,verified_fact,82,https://sv8.vc/,primary,public_web,SV8 SV8 INVESTORS FOUNDERS PORTFOLIO APPROACH TEAM CONTACT SV8 Venture Capital Through The M&A Lens SV8 is a Silicon Valley-based Syndicate Venture Capital firm led by Mergers & Acquisitions veterans (50+ M&A transactions totaling $20B+).,0
sv8,SV8,SMV,fund/syndicate,https://sv8.vc/,92,candidate_evidence,claim-sv8-001,classification,SV8 is a candidate acquisition-first venture entity for the SMV lane.,candidate_evidence,65,https://sv8.vc/,primary,public_web,,0
tangle-ventures,Tangle Ventures,SMV,venture studio/acquirer,https://tangleventures.io/,90,candidate_evidence,claim-8461743e593c,portfolio_capital_language,Source text for Tangle Ventures contains portfolio capital language evidence.,verified_fact,82,https://tangleventures.io/,primary,public_web,"Tangle Venture Studio — Buy, Build & Scale Overlooked Companies",0
tangle-ventures,Tangle Ventures,SMV,venture studio/acquirer,https://tangleventures.io/,90,candidate_evidence,claim-tangle-ventures-001,classification,Tangle is a candidate overlooked-company acquisition and patient-capital platform.,candidate_evidence,65,https://tangleventures.io/,primary,public_web,,0
acquire-com,Acquire.com,SMV,acquisition marketplace,https://acquire.com/,88,candidate_evidence,claim-16ce86ae53e7,smv_language,Source text for Acquire.com contains smv language evidence.,verified_fact,82,https://acquire.com/,primary,public_web,Buy & Sell Profitable Online Businesses | Acquire.com Sellers Sellers List Your Startup Create and publish your business listing to 500k+ buyers Get Acquire'd with expert tools and 24/7 customer support.,0
acquire-com,Acquire.com,SMV,acquisition marketplace,https://acquire.com/,88,candidate_evidence,claim-72356b4d7cce,portfolio_capital_language,Source text for Acquire.com contains portfolio capital language evidence.,verified_fact,82,https://acquire.com/,primary,public_web,"Through Acquire.com, I was able to acquire a company that fit perfectly within the Awesome Motive portfolio.",0
acquire-com,Acquire.com,SMV,acquisition marketplace,https://acquire.com/,88,candidate_evidence,claim-aa9610d51e86,search_eta_language,Source text for Acquire.com contains search eta language evidence.,verified_fact,82,https://acquire.com/,primary,public_web,"View Listings Our story 4.7 average rating based on 500+ reviews $500M+ closed deal volume 2,000+ startups sold 500k+ entrepreneurs trust us $2B+ in verified buyer funds 20+ years acquisition experience We make online business acquisitions fast, safe, and easy Fast, safe, and easy Sellers Maximize your exit with expert help from our team.",0
acquire-com,Acquire.com,SMV,acquisition marketplace,https://acquire.com/,88,candidate_evidence,claim-acquire-com-001,classification,Acquire.com is a candidate acquisition marketplace for the industry atlas.,candidate_evidence,65,https://acquire.com/,primary,public_web,,0
dwp-capital,DWP Capital,SMV,growth equity firm,https://dwpcapital.com/,88,candidate_evidence,claim-dwp-capital-001,classification,DWP Capital is a candidate SMV capital provider focused on capital-efficient vertical software and tech-enabled services.,candidate_evidence,65,https://dwpcapital.com/,primary,public_web,,0
lighter-capital,Lighter Capital,SMV,capital provider,https://www.lightercapital.com/,88,candidate_evidence,claim-lighter-capital-001,classification,Lighter Capital is a candidate revenue-based financing provider for the industry atlas.,candidate_evidence,65,https://www.lightercapital.com/,primary,public_web,,0
founderpath,Founderpath,SMV,capital provider,https://founderpath.com/,87,candidate_evidence,claim-282f20724df4,portfolio_capital_language,Source text for Founderpath contains portfolio capital language evidence.,verified_fact,82,https://founderpath.com/,primary,public_web,"Daniel Lang Founder of Mangomint Verify Get started free Read 113 + founder reviews Your Community, Not a Portfolio Get funded and you're in alongside 725 bootstrapped SaaS founders.",0
founderpath,Founderpath,SMV,capital provider,https://founderpath.com/,87,candidate_evidence,claim-2ba327a5c2b7,smv_language,Source text for Founderpath contains smv language evidence.,verified_fact,82,https://founderpath.com/,primary,public_web,"Daniel Lang Founder of Mangomint Verify Get started free Read 113 + founder reviews Your Community, Not a Portfolio Get funded and you're in alongside 725 bootstrapped SaaS founders.",0
founderpath,Founderpath,SMV,capital provider,https://founderpath.com/,87,candidate_evidence,claim-38dc60dd012b,instrument_language,Source text for Founderpath contains instrument language evidence.,verified_fact,82,https://founderpath.com/,primary,public_web,Founderpath - Where SaaS Founders Get Funding Product Industry Resources Partners Blog About Us Term Loans Revenue Financing Merchant Cash Advance Line of Credit Software CPG Brick and Mortar Bank Statement Converter Salary Benchmarks Integrations SaaS Financing Options Free Tools for SaaS Founders Free Courses SaaS Events Partners TechCrunch: Founderpath Raises $145m Fund → Get Capital Without Selling Your Equity Founderpath provides non-dilutive capital to ambitious founders.,0
founderpath,Founderpath,SMV,capital provider,https://founderpath.com/,87,candidate_evidence,claim-founderpath-001,classification,Founderpath is a candidate capital provider for recurring-revenue software companies.,candidate_evidence,65,https://founderpath.com/,primary,public_web,,0
union-group-fund,Union Group Fund,SMV,development and investment firm,https://www.uniongroupfund.com/,87,candidate_evidence,claim-union-group-fund-001,classification,Union Group Fund is a candidate SMV entity for small bootstrapped vertical SaaS partnerships.,candidate_evidence,65,https://www.uniongroupfund.com/,primary,public_web,,0
capchase,Capchase,SMV,capital platform,https://www.capchase.com/,86,candidate_evidence,claim-capchase-001,classification,Capchase is a candidate non-dilutive capital platform for SaaS companies.,candidate_evidence,65,https://www.capchase.com/,primary,public_web,,0
mainsail-partners,Mainsail Partners,SMV,growth equity firm,https://mainsailpartners.com/,86,candidate_evidence,claim-5395b0faa418,smv_language,Source text for Mainsail Partners contains smv language evidence.,verified_fact,82,https://mainsailpartners.com/,primary,public_web,Growth Equity Firm for Bootstrapped Software Companies - Mainsail Partners Why Mainsail Founder Friendly Culture & Values How We Help Growth Team Talent Development Community AI Labs Team Portfolio News & Insights Why Mainsail Founder Friendly Culture & Values How We Help Operations Team Mainsail AI Labs Talent Development Community Team Portfolio News & Insights Trusted by bootstrapped founders to help build AI-powered market leaders.,0
mainsail-partners,Mainsail Partners,SMV,growth equity firm,https://mainsailpartners.com/,86,candidate_evidence,claim-7c0189dd7409,portfolio_capital_language,Source text for Mainsail Partners contains portfolio capital language evidence.,verified_fact,82,https://mainsailpartners.com/,primary,public_web,Growth Equity Firm for Bootstrapped Software Companies - Mainsail Partners Why Mainsail Founder Friendly Culture & Values How We Help Growth Team Talent Development Community AI Labs Team Portfolio News & Insights Why Mainsail Founder Friendly Culture & Values How We Help Operations Team Mainsail AI Labs Talent Development Community Team Portfolio News & Insights Trusted by bootstrapped founders to help build AI-powered market leaders.,0
mainsail-partners,Mainsail Partners,SMV,growth equity firm,https://mainsailpartners.com/,86,candidate_evidence,claim-aa44a991fff5,patient_capital_language,Source text for Mainsail Partners contains patient capital language evidence.,verified_fact,82,https://mainsailpartners.com/,primary,public_web,"A growth equity partnership with Mainsail was absolutely the sweet spot for us to attain the capital we needed to continue to invest in running and growing ProShop, as well as the domain experience in every aspect of the business that we needed to get better at.” Paul Van Metre Founder, ProShop Software for Machine Shops “When we set out to choose an investment partner, we were careful to find the right team that understood the long-term vision we aimed to build.",0
mainsail-partners,Mainsail Partners,SMV,growth equity firm,https://mainsailpartners.com/,86,candidate_evidence,claim-mainsail-partners-001,classification,Mainsail Partners is a candidate SMV entity for growth equity serving bootstrapped B2B software companies.,candidate_evidence,65,https://mainsailpartners.com/,primary,public_web,,0
serent-capital,Serent Capital,SMV,growth equity firm,https://serentcapital.com/why-serent/,86,candidate_evidence,claim-902b6c6afd08,portfolio_capital_language,Source text for Serent Capital contains portfolio capital language evidence.,verified_fact,82,https://serentcapital.com/why-serent/,primary,public_web,Private Equity Investment Firm for Software Companies – Serent Skip to content The AI Opportunity Why Serent Growth Strategy Portfolio Our Team Insights Contact Us Serent Capital Why Serent Growth Strategy Portfolio Our Team Insights Contact Us EST.,0
serent-capital,Serent Capital,SMV,growth equity firm,https://serentcapital.com/why-serent/,86,candidate_evidence,claim-bc0cc30367d5,sovereign_language,Source text for Serent Capital contains sovereign language evidence.,verified_fact,82,https://serentcapital.com/why-serent/,primary,public_web,"Our thesis deepened through sector focus and a belief that the best ideas come from those closest to customers 2020 - 2025 Expanding Reach Serent grew to 50+ portfolio companies, made our first international investment, and celebrated 15 years of building category leaders.",0
serent-capital,Serent Capital,SMV,growth equity firm,https://serentcapital.com/why-serent/,86,candidate_evidence,claim-f7d5557d070e,search_eta_language,Source text for Serent Capital contains search eta language evidence.,verified_fact,82,https://serentcapital.com/why-serent/,primary,public_web,"2008 Why Serent Our team of former founders, executives, and operators has partnered with 70+ founder-led B2B software companies to build category-defining businesses.",0
serent-capital,Serent Capital,SMV,growth equity firm,https://serentcapital.com/why-serent/,86,candidate_evidence,claim-fcfbeaadbf84,smv_language,Source text for Serent Capital contains smv language evidence.,verified_fact,82,https://serentcapital.com/why-serent/,primary,public_web,Private Equity Investment Firm for Software Companies – Serent Skip to content The AI Opportunity Why Serent Growth Strategy Portfolio Our Team Insights Contact Us Serent Capital Why Serent Growth Strategy Portfolio Our Team Insights Contact Us EST.,0
serent-capital,Serent Capital,SMV,growth equity firm,https://serentcapital.com/why-serent/,86,candidate_evidence,claim-serent-capital-001,classification,Serent Capital is a candidate SMV entity for founder-led and bootstrapped B2B software growth equity.,candidate_evidence,65,https://serentcapital.com/why-serent/,primary,public_web,,0
tvc-capital,TVC Capital,SMV,software growth equity firm,https://tvccapital.com/fund-focus/,86,candidate_evidence,claim-tvc-capital-001,classification,TVC Capital is a candidate SMV entity for capital-efficient B2B software growth equity.,candidate_evidence,65,https://tvccapital.com/fund-focus/,primary,public_web,,0
elsewhere-partners,Elsewhere Partners,SMV,lower middle-market software investor,https://elsewhere.partners/,85,candidate_evidence,claim-950c1493217d,smv_language,Source text for Elsewhere Partners contains smv language evidence.,verified_fact,82,https://elsewhere.partners/,primary,public_web,"INVESTMENT CRITERIA Areas of Focus: IT Infrastructure, Cybersecurity, Business Applications, Healthcare IT Business Profile: $3-15M in ARR Headquartered in North America, Israel, Europe Bootstrapped or Lightly Capitalized Transaction Type: Majority Recap WE INVEST IN OUTLIERS We make investments in exceptional, ambitious software companies who have achieved a lot with a little.",0
elsewhere-partners,Elsewhere Partners,SMV,lower middle-market software investor,https://elsewhere.partners/,85,candidate_evidence,claim-bdbccb5108e4,instrument_language,Source text for Elsewhere Partners contains instrument language evidence.,verified_fact,82,https://elsewhere.partners/,primary,public_web,"They come to us ready for the capital, connections, and expertise needed to achieve the next growth milestone.",0
elsewhere-partners,Elsewhere Partners,SMV,lower middle-market software investor,https://elsewhere.partners/,85,candidate_evidence,claim-f459c25698b6,portfolio_capital_language,Source text for Elsewhere Partners contains portfolio capital language evidence.,verified_fact,82,https://elsewhere.partners/,primary,public_web,Details Hide Details Save OK COOKIES PHILOSOPHY PEOPLE PORTFOLIO BLOG CONTACT Read insights from our founders and advisors & stay in the loop.,0
elsewhere-partners,Elsewhere Partners,SMV,lower middle-market software investor,https://elsewhere.partners/,85,candidate_evidence,claim-elsewhere-partners-001,classification,Elsewhere Partners is a candidate SMV entity for lower-middle-market software capital.,candidate_evidence,65,https://elsewhere.partners/,primary,public_web,,0
d2-fund,D2 Fund,SMV,venture fund,https://www.d2.fund/,84,candidate_evidence,claim-d2-fund-001,classification,D2 Fund is a candidate SMV entity for capital-efficient software businesses.,candidate_evidence,65,https://www.d2.fund/,primary,public_web,,0
five-elms-capital,Five Elms Capital,SMV,software growth equity firm,https://www.fiveelms.com/,84,candidate_evidence,claim-five-elms-capital-001,classification,Five Elms Capital is a candidate SMV entity for founder-owned software growth equity.,candidate_evidence,65,https://www.fiveelms.com/,primary,public_web,,0
sequel-capital,Sequel Capital,SMV,growth equity investor,https://www.sequel-capital.com/,84,candidate_evidence,claim-sequel-capital-001,classification,Sequel Capital is a candidate SMV entity for exit-focused capital-efficient B2B SaaS.,candidate_evidence,65,https://www.sequel-capital.com/,primary,public_web,,0
mamba-growth,Mamba Growth,SMV,growth equity firm,https://www.mambagrowth.com/investment-criteria/,83,candidate_evidence,claim-mamba-growth-001,classification,Mamba Growth is a candidate SMV entity for capital-efficient founder-led software growth equity.,candidate_evidence,65,https://www.mambagrowth.com/investment-criteria/,primary,public_web,,0
clearco,Clearco,SMV,capital provider,https://clear.co/,82,candidate_evidence,claim-26f96049891f,search_eta_language,Source text for Clearco contains search eta language evidence.,verified_fact,82,https://clear.co/,primary,public_web,Get Funded Sign In Get Funding Sign In Get Funded Flexible Funding for Strategic Founders & Operators We rebuilt Clearco for the people driving real growth.,0
clearco,Clearco,SMV,capital provider,https://clear.co/,82,candidate_evidence,claim-9c7d4a998b8e,instrument_language,Source text for Clearco contains instrument language evidence.,verified_fact,82,https://clear.co/,primary,public_web,"Flexible Ecommerce Funding for DTC Brands | Clearco Non-Dilutive Capital Products Clearco Funding Overview Flexible capital, built around how you grow.",0
clearco,Clearco,SMV,capital provider,https://clear.co/,82,candidate_evidence,claim-bfa950d5ebfc,patient_capital_language,Source text for Clearco contains patient capital language evidence.,verified_fact,82,https://clear.co/,primary,public_web,"Get Funded Get Started How it Works Discover More Can get funded in 24 hours No collateral, non-dilutive Capped weekly payments No personal guarantees Trusted by 10,000+ businesses with $3B+ invested Who we fund Clearco gives scaling DTC brands the flexibility to expand into new channels, launch new SKUs, and build long-term value without dilution, restrictive terms, or trading control for cash.",0
clearco,Clearco,SMV,capital provider,https://clear.co/,82,candidate_evidence,claim-clearco-001,classification,Clearco is a candidate non-dilutive capital provider for digital businesses.,candidate_evidence,65,https://clear.co/,primary,public_web,,0
expedition-growth-capital,Expedition Growth Capital,SMV,software growth equity firm,https://expedition.capital/,82,candidate_evidence,claim-3eab3bb0ea92,smv_language,Source text for Expedition Growth Capital contains smv language evidence.,verified_fact,82,https://expedition.capital/,primary,public_web,"Expedition Growth Capital | Growth Equity Skip to content Open main menu Approach Portfolio Team Insights Contact Connect on Approach Portfolio Team Insights Contact Connect on Empowering bootstrapped software & AI founders Connect on LinkedIn We are specialist partners for rapidly growing software & AI companies with a use for capital, not a need for it.",0
expedition-growth-capital,Expedition Growth Capital,SMV,software growth equity firm,https://expedition.capital/,82,candidate_evidence,claim-9aca498ce170,portfolio_capital_language,Source text for Expedition Growth Capital contains portfolio capital language evidence.,verified_fact,82,https://expedition.capital/,primary,public_web,"Expedition Growth Capital | Growth Equity Skip to content Open main menu Approach Portfolio Team Insights Contact Connect on Approach Portfolio Team Insights Contact Connect on Empowering bootstrapped software & AI founders Connect on LinkedIn We are specialist partners for rapidly growing software & AI companies with a use for capital, not a need for it.",0
expedition-growth-capital,Expedition Growth Capital,SMV,software growth equity firm,https://expedition.capital/,82,candidate_evidence,claim-expedition-growth-capital-001,classification,Expedition Growth Capital is a candidate SMV entity for bootstrapped software growth equity.,candidate_evidence,65,https://expedition.capital/,primary,public_web,,0
pipe,Pipe,SMV,capital platform,https://pipe.com/,82,candidate_evidence,claim-pipe-001,classification,Pipe is a candidate capital platform for revenue-based and embedded capital workflows.,candidate_evidence,65,https://pipe.com/,primary,public_web,,0
seedtwo-capital,SeedTwo Capital,SMV,growth fund,https://www.seedtwo.com/,82,candidate_evidence,claim-seedtwo-capital-001,classification,SeedTwo Capital is a candidate SMV entity for capital-efficient vertical SaaS and AI companies.,candidate_evidence,65,https://www.seedtwo.com/,primary,public_web,,0
silversmith-capital-partners,Silversmith Capital Partners,SMV,growth equity firm,https://www.silversmith.com/,82,candidate_evidence,claim-silversmith-capital-partners-001,classification,Silversmith Capital Partners is a candidate SMV entity for profitable founder-led growth equity.,candidate_evidence,65,https://www.silversmith.com/,primary,public_web,,0
sunstone-partners,Sunstone Partners,SMV,growth private equity firm,https://sunstonepartners.com/,82,candidate_evidence,claim-4f7d0ada2d57,smv_language,Source text for Sunstone Partners contains smv language evidence.,verified_fact,82,https://sunstonepartners.com/,primary,public_web,Home - Sunstone Partners Skip to content Why Us Team Portfolio News Contact LP Relations A partner for growth LEARN MORE Who We Are Sunstone Partners is a growth-oriented private equity firm that invests in AI- and technology-enabled services and software companies.,0
sunstone-partners,Sunstone Partners,SMV,growth private equity firm,https://sunstonepartners.com/,82,candidate_evidence,claim-e9374dd26674,portfolio_capital_language,Source text for Sunstone Partners contains portfolio capital language evidence.,verified_fact,82,https://sunstonepartners.com/,primary,public_web,Home - Sunstone Partners Skip to content Why Us Team Portfolio News Contact LP Relations A partner for growth LEARN MORE Who We Are Sunstone Partners is a growth-oriented private equity firm that invests in AI- and technology-enabled services and software companies.,0
sunstone-partners,Sunstone Partners,SMV,growth private equity firm,https://sunstonepartners.com/,82,candidate_evidence,claim-sunstone-partners-001,classification,Sunstone Partners is a candidate SMV entity for capital-efficient software and tech-enabled services growth capital.,candidate_evidence,65,https://sunstonepartners.com/,primary,public_web,,0
level-equity,Level Equity,SMV,growth equity firm,https://www.levelequity.com/,81,candidate_evidence,claim-level-equity-001,classification,Level Equity is a candidate SMV entity for capital-efficient software and technology-enabled growth equity.,candidate_evidence,65,https://www.levelequity.com/,primary,public_web,,0
wayflyer,Wayflyer,SMV,capital provider,https://wayflyer.com/,81,candidate_evidence,claim-wayflyer-001,classification,Wayflyer is a candidate revenue-based financing provider for commerce businesses.,candidate_evidence,65,https://wayflyer.com/,primary,public_web,,0
decathlon-capital-partners,Decathlon Capital Partners,SMV,capital provider,https://decathloncapital.com/,80,candidate_evidence,claim-decathlon-capital-partners-001,classification,Decathlon Capital is a candidate revenue-based financing provider.,candidate_evidence,65,https://decathloncapital.com/,primary,public_web,,0
empire-flippers,Empire Flippers,SMV,acquisition marketplace,https://empireflippers.com/,80,candidate_evidence,claim-a3378352bb80,smv_language,Source text for Empire Flippers contains smv language evidence.,verified_fact,82,https://empireflippers.com/,primary,public_web,"Get Started for Free Learn More As Seen On Join Over 2,626 Entrepreneurs That Have Sold Their Business Sell your digital business today on the #1 largest curated M&A marketplace in the world Click here to sell your business Get a Free Valuation $587,383,052 Overall Sales 663 Weekly NDAs/ LOIs Signed $15,115,165,719 Verified Buyer Network Liquidity Our Latest Listings Every Monday we publish new businesses for sale on our marketplace.",0
empire-flippers,Empire Flippers,SMV,acquisition marketplace,https://empireflippers.com/,80,candidate_evidence,claim-empire-flippers-001,classification,Empire Flippers is a candidate online business acquisition marketplace.,candidate_evidence,65,https://empireflippers.com/,primary,public_web,,0
flippa,Flippa,SMV,acquisition marketplace,https://flippa.com/,80,candidate_evidence,claim-fa1a10344023,smv_language,Source text for Flippa contains smv language evidence.,verified_fact,82,https://flippa.com/,primary,public_web,"No credit card required Over 100,000 online acquisitions globally See Recently Closed Deals #1 Platform to Buy & Sell Online Businesses Meet LaurenAI AI-Powered Deal Origination.",0
flippa,Flippa,SMV,acquisition marketplace,https://flippa.com/,80,candidate_evidence,claim-flippa-001,classification,Flippa is a candidate online business acquisition marketplace.,candidate_evidence,65,https://flippa.com/,primary,public_web,,0
saas-capital,SaaS Capital,SMV,capital provider,https://www.saas-capital.com/,80,candidate_evidence,claim-saas-capital-001,classification,SaaS Capital is a candidate SaaS debt and non-dilutive capital provider.,candidate_evidence,65,https://www.saas-capital.com/,primary,public_web,,0
novel-capital,Novel Capital,SMV,capital provider,https://www.novelcapital.com/,79,candidate_evidence,claim-novel-capital-001,classification,Novel Capital is a candidate non-dilutive capital provider.,candidate_evidence,65,https://www.novelcapital.com/,primary,public_web,,0
uncapped,Uncapped,SMV,capital provider,https://www.weareuncapped.com/,79,candidate_evidence,claim-uncapped-001,classification,Uncapped is a candidate non-dilutive financing provider.,candidate_evidence,65,https://www.weareuncapped.com/,primary,public_web,,0
fe-international,FE International,SMV,M&A advisor,https://feinternational.com/,78,candidate_evidence,claim-a0e9499c74b1,smv_language,Source text for FE International contains smv language evidence.,verified_fact,82,https://feinternational.com/,primary,public_web,"Private Sales & Acquisitions Buy or sell privately held technology businesses with our seasoned team that boasts over 1,500 successful acquisitions and a 94.1% success rate.",0
fe-international,FE International,SMV,M&A advisor,https://feinternational.com/,78,candidate_evidence,claim-bf13aa878a38,sovereign_language,Source text for FE International contains sovereign language evidence.,verified_fact,82,https://feinternational.com/,primary,public_web,"Founded in 2010, FE International is an award-winning strategic advisor for technology businesses.",0
fe-international,FE International,SMV,M&A advisor,https://feinternational.com/,78,candidate_evidence,claim-fe-international-001,classification,FE International is a candidate M&A advisory platform for tech-enabled businesses.,candidate_evidence,65,https://feinternational.com/,primary,public_web,,0
bigfoot-capital,Bigfoot Capital,SMV,capital provider,https://bigfootcap.com/,76,candidate_evidence,claim-bigfoot-capital-001,classification,Bigfoot Capital is a candidate growth debt provider for software companies.,candidate_evidence,65,https://bigfootcap.com/,primary,public_web,,0
getvantage,GetVantage,SMV,capital provider,https://www.getvantage.co/,76,candidate_evidence,claim-getvantage-001,classification,GetVantage is a candidate revenue-based financing provider.,candidate_evidence,65,https://www.getvantage.co/,primary,public_web,,0
outfund,Outfund,SMV,capital provider,https://www.out.fund/,76,candidate_evidence,claim-outfund-001,classification,Outfund is a candidate revenue-based financing provider.,candidate_evidence,65,https://www.out.fund/,primary,public_web,,0
quiet-light,Quiet Light,SMV,M&A advisor,https://quietlight.com/,76,candidate_evidence,claim-aa0f25700573,smv_language,Source text for Quiet Light contains smv language evidence.,verified_fact,82,https://quietlight.com/,primary,public_web,"Even if you’re not sure you want to sell yet, you’ll get a sense of how to set yourself up for maximum acquisition value when you’re ready.",0
quiet-light,Quiet Light,SMV,M&A advisor,https://quietlight.com/,76,candidate_evidence,claim-quiet-light-001,classification,Quiet Light is a candidate online business acquisition advisor.,candidate_evidence,65,https://quietlight.com/,primary,public_web,,0
timia-capital,TIMIA Capital,SMV,capital provider,https://timiacapital.com/,76,candidate_evidence,claim-timia-capital-001,classification,TIMIA Capital is a candidate revenue-based financing provider.,candidate_evidence,65,https://timiacapital.com/,primary,public_web,,0
espresso-capital,Espresso Capital,SMV,capital provider,https://www.espressocapital.com/,75,candidate_evidence,claim-espresso-capital-001,classification,Espresso Capital is a candidate venture debt and growth capital provider.,candidate_evidence,65,https://www.espressocapital.com/,primary,public_web,,0
flow-capital,Flow Capital,SMV,capital provider,https://flowcap.com/,75,candidate_evidence,claim-65c9fd4c9899,portfolio_capital_language,Source text for Flow Capital contains portfolio capital language evidence.,verified_fact,82,https://flowcap.com/,primary,public_web,Flow Capital - Founder-Friendly Growth Capital About For Founders For Investors Invest with Flow Investor Relations Partnerships Learn Resources Portfolio Blogs Glossary Newsroom Female Founders Get funding Grow with Flow Capital Founder-friendly growth capital that empowers entrepreneurs to scale their company with confidence.​​ ‍ More flexible than bank debt.,0
flow-capital,Flow Capital,SMV,capital provider,https://flowcap.com/,75,candidate_evidence,claim-6a890a8214e1,instrument_language,Source text for Flow Capital contains instrument language evidence.,verified_fact,82,https://flowcap.com/,primary,public_web,"Why successful founders choose Flow Capital Scale faster Reach milestones faster, leading to earlier liquidity events like IPOs or M&As.",0
flow-capital,Flow Capital,SMV,capital provider,https://flowcap.com/,75,candidate_evidence,claim-d7d0e4acdeec,smv_language,Source text for Flow Capital contains smv language evidence.,verified_fact,82,https://flowcap.com/,primary,public_web,"Why successful founders choose Flow Capital Scale faster Reach milestones faster, leading to earlier liquidity events like IPOs or M&As.",0
flow-capital,Flow Capital,SMV,capital provider,https://flowcap.com/,75,candidate_evidence,claim-flow-capital-001,classification,Flow Capital is a candidate revenue-linked growth capital provider.,candidate_evidence,65,https://flowcap.com/,primary,public_web,,0
arc,Arc,SMV,capital platform,https://www.arc.tech/,74,candidate_evidence,claim-arc-001,classification,Arc is a candidate capital and banking platform for startups.,candidate_evidence,65,https://www.arc.tech/,primary,public_web,,0
axial,Axial,SMV,deal network,https://www.axial.net/,74,candidate_evidence,claim-axial-001,classification,Axial is a candidate lower-middle-market deal network.,candidate_evidence,65,https://www.axial.net/,primary,public_web,,0
klub,Klub,SMV,capital provider,https://klubworks.com/,74,candidate_evidence,claim-klub-001,classification,Klub is a candidate revenue-based financing provider.,candidate_evidence,65,https://klubworks.com/,primary,public_web,,0
velocity,Velocity,SMV,capital provider,https://velocity.in/,74,candidate_evidence,claim-velocity-001,classification,Velocity is a candidate revenue-based financing provider.,candidate_evidence,65,https://velocity.in/,primary,public_web,,0
levenue,Levenue,SMV,capital marketplace,https://www.levenue.com/,73,candidate_evidence,claim-levenue-001,classification,Levenue is a candidate marketplace for recurring-revenue financing.,candidate_evidence,65,https://www.levenue.com/,primary,public_web,,0
recur-club,Recur Club,SMV,capital marketplace,https://www.recurclub.com/,73,candidate_evidence,claim-recur-club-001,classification,Recur Club is a candidate recurring-revenue financing marketplace.,candidate_evidence,65,https://www.recurclub.com/,primary,public_web,,0
bitsfordigits,BitsForDigits,SMV,acquisition marketplace,https://bitsfordigits.com/,72,candidate_evidence,claim-8fc31ed45fd2,smv_language,Source text for BitsForDigits contains smv language evidence.,verified_fact,82,https://bitsfordigits.com/,primary,public_web,"No credit card required Over 100,000 online acquisitions globally See Recently Closed Deals #1 Platform to Buy & Sell Online Businesses Meet LaurenAI AI-Powered Deal Origination.",0
bitsfordigits,BitsForDigits,SMV,acquisition marketplace,https://bitsfordigits.com/,72,candidate_evidence,claim-bitsfordigits-001,classification,BitsForDigits is a candidate internet business acquisition marketplace.,candidate_evidence,65,https://bitsfordigits.com/,primary,public_web,,0
corl,Corl,SMV,capital provider,https://corl.io/,72,candidate_evidence,claim-043049ae6a13,portfolio_capital_language,Source text for Corl contains portfolio capital language evidence.,verified_fact,82,https://corl.io/,primary,public_web,POSITIVE CASH FLOW All companies are value-adding to the Napkin portfolio; have $1m or greater in revenue; and are monthly cash flow-positive (with profitability).,0
corl,Corl,SMV,capital provider,https://corl.io/,72,candidate_evidence,claim-af48724c5669,smv_language,Source text for Corl contains smv language evidence.,verified_fact,82,https://corl.io/,primary,public_web,m&a - Join the largest Napkin deal of all time.,0
corl,Corl,SMV,capital provider,https://corl.io/,72,candidate_evidence,claim-b28c171cac8d,sovereign_language,Source text for Corl contains sovereign language evidence.,verified_fact,82,https://corl.io/,primary,public_web,"With a multinational group of investors and entrepreneurs, whose common factor is the digitalization of business development, the future promises great results.” Rolando Murgueitio CFO, NPKN LATAM View full org chart Napkin will go anywhere, to acquire the absolute best Founded in February 2021, Napkin now has companies in Canada, the USA, Latin America, India, and the UAE.",0
corl,Corl,SMV,capital provider,https://corl.io/,72,candidate_evidence,claim-corl-001,classification,Corl is a candidate revenue-based financing provider.,candidate_evidence,65,https://corl.io/,primary,public_web,,0
youlend,YouLend,SMV,embedded finance provider,https://www.youlend.com/,72,candidate_evidence,claim-youlend-001,classification,YouLend is a candidate embedded finance provider.,candidate_evidence,65,https://www.youlend.com/,primary,public_web,,0
liberis,Liberis,SMV,embedded finance provider,https://www.liberis.com/,70,candidate_evidence,claim-liberis-001,classification,Liberis is a candidate embedded finance provider.,candidate_evidence,65,https://www.liberis.com/,primary,public_web,,0
parafin,Parafin,SMV,embedded finance provider,https://www.parafin.com/,70,candidate_evidence,claim-parafin-001,classification,Parafin is a candidate embedded capital provider.,candidate_evidence,65,https://www.parafin.com/,primary,public_web,,0
shopify-capital,Shopify Capital,SMV,embedded capital provider,https://www.shopify.com/capital,70,candidate_evidence,claim-shopify-capital-001,classification,Shopify Capital is a candidate embedded capital provider for commerce businesses.,candidate_evidence,65,https://www.shopify.com/capital,primary,public_web,,0
stripe-capital,Stripe Capital,SMV,embedded capital provider,https://stripe.com/capital,70,candidate_evidence,claim-stripe-capital-001,classification,Stripe Capital is a candidate embedded-finance provider.,candidate_evidence,65,https://stripe.com/capital,primary,public_web,,0
vitt,Vitt,SMV,capital provider,https://www.vitt.com/,70,candidate_evidence,claim-vitt-001,classification,Vitt is a candidate recurring-revenue financing provider.,candidate_evidence,65,https://www.vitt.com/,primary,public_web,,0
paypal-working-capital,PayPal Working Capital,SMV,embedded capital provider,https://www.paypal.com/us/business/financial-services/working-capital,68,candidate_evidence,claim-paypal-working-capital-001,classification,PayPal Working Capital is a candidate embedded small-business financing provider.,candidate_evidence,65,https://www.paypal.com/us/business/financial-services/working-capital,primary,public_web,,0
searchfunder,Searchfunder,Search/ETA,community/platform,https://www.searchfunder.com/,88,candidate_evidence,claim-searchfunder-001,classification,Searchfunder is a candidate central ecosystem platform for search funds.,candidate_evidence,65,https://www.searchfunder.com/,primary,public_web,,0
pacific-lake-partners,Pacific Lake Partners,Search/ETA,search fund investor,https://www.pacificlake.com/,84,candidate_evidence,claim-pacific-lake-partners-001,classification,Pacific Lake is a candidate dedicated search fund investor.,candidate_evidence,65,https://www.pacificlake.com/,primary,public_web,,0
search-fund-alliance,Search Fund Alliance,Search/ETA,industry association,https://www.searchfundalliance.org/,84,candidate_evidence,claim-search-fund-alliance-001,classification,Search Fund Alliance is a candidate search fund ecosystem network.,candidate_evidence,65,https://www.searchfundalliance.org/,primary,public_web,,0
stanford-search-fund-center,Stanford Search Fund Center,Search/ETA,research center,https://www.gsb.stanford.edu/experience/about/centers-institutes/ces/research/search-funds,84,candidate_evidence,claim-stanford-search-fund-center-001,classification,Stanford's search fund research center is a candidate authoritative source for ETA taxonomy.,candidate_evidence,65,https://www.gsb.stanford.edu/experience/about/centers-institutes/ces/research/search-funds,primary,public_web,,0
anacapa-partners,Anacapa Partners,Search/ETA,search fund investor,https://www.anacapapartners.com/,82,candidate_evidence,claim-anacapa-partners-001,classification,Anacapa Partners is a candidate search fund investor.,candidate_evidence,65,https://www.anacapapartners.com/,primary,public_web,,0
relay-investments,Relay Investments,Search/ETA,search fund investor,https://www.relayinvestments.com/,82,candidate_evidence,claim-relay-investments-001,classification,Relay Investments is a candidate search fund investor.,candidate_evidence,65,https://www.relayinvestments.com/,primary,public_web,,0
search-fund-partners,Search Fund Partners,Search/ETA,search fund investor,https://www.searchfunds.net/,82,candidate_evidence,claim-search-fund-partners-001,classification,Search Fund Partners is a candidate search fund investor.,candidate_evidence,65,https://www.searchfunds.net/,primary,public_web,,0
trilogy-search-partners,Trilogy Search Partners,Search/ETA,search fund investor,https://www.trilogysearch.com/,82,candidate_evidence,claim-trilogy-search-partners-001,classification,Trilogy Search Partners is a candidate search fund investor.,candidate_evidence,65,https://www.trilogysearch.com/,primary,public_web,,0
next-coast-eta,Next Coast ETA,Search/ETA,search fund investor,https://www.nextcoasteta.com/,80,candidate_evidence,claim-next-coast-eta-001,classification,Next Coast ETA is a candidate ETA investor.,candidate_evidence,65,https://www.nextcoasteta.com/,primary,public_web,,0
wsc-company,WSC & Company,Search/ETA,search fund investor,https://www.wscandcompany.com/,80,candidate_evidence,claim-wsc-company-001,classification,WSC & Company is a candidate search fund investor.,candidate_evidence,65,https://www.wscandcompany.com/,primary,public_web,,0
ambit-partners,Ambit Partners,Search/ETA,search fund investor,https://www.ambit.partners/,78,candidate_evidence,claim-ambit-partners-001,classification,Ambit Partners is a candidate search fund investor.,candidate_evidence,65,https://www.ambit.partners/,primary,public_web,,0
mainshares,Mainshares,Search/ETA,acquisition platform/investor,https://mainshares.com/,78,candidate_evidence,claim-40bd0ad519d1,search_eta_language,Source text for Mainshares contains search eta language evidence.,verified_fact,82,https://mainshares.com/,primary,public_web,GET INVOLVED We’ve partnered with retiring owners and new operators on more than 97 small business transitions We’ve partnered with retiring owners and new operators on more than 97 small business transitions We’ve partnered with retiring owners and new operators on more than 70 small business transitions America's small businesses are at a tipping point Small businesses are the lifeblood of our country.,0
mainshares,Mainshares,Search/ETA,acquisition platform/investor,https://mainshares.com/,78,candidate_evidence,claim-571773daed8b,sovereign_language,Source text for Mainshares contains sovereign language evidence.,verified_fact,82,https://mainshares.com/,primary,public_web,"| Austin, TX Joe Soelberg Prior Owner MBA P&L management experience Combining his background in communications, design, and operations, he acquired Point B Communications, a full-service digital agency based outside of Chicago that serves local retirement communities, government entities, and health care organizations.",0
mainshares,Mainshares,Search/ETA,acquisition platform/investor,https://mainshares.com/,78,candidate_evidence,claim-5809c1201b03,portfolio_capital_language,Source text for Mainshares contains portfolio capital language evidence.,verified_fact,82,https://mainshares.com/,primary,public_web,"start here Building America's SMB portfolio We are proud to partner with a growing portfolio of exceptional Main Street businesses across the country, led by local owner-operators and rooted in the communities they serve.",0
mainshares,Mainshares,Search/ETA,acquisition platform/investor,https://mainshares.com/,78,candidate_evidence,claim-b533d8db2594,smv_language,Source text for Mainshares contains smv language evidence.,verified_fact,82,https://mainshares.com/,primary,public_web,2 American Operator funds the acquisition and partners with a Local operator to lead as CEO American Operator funds the acquisition and partners with a Local operator to lead as CEO Our operators lead day-to-day execution of the business with meaningful Day 1 ownership and full salary and benefits.,0
mainshares,Mainshares,Search/ETA,acquisition platform/investor,https://mainshares.com/,78,candidate_evidence,claim-mainshares-001,classification,Mainshares is a candidate acquisition entrepreneurship platform.,candidate_evidence,65,https://mainshares.com/,primary,public_web,,0
acquira,Acquira,Search/ETA,acquisition platform,https://www.acquira.com/,76,candidate_evidence,claim-acquira-001,classification,Acquira is a candidate acquisition entrepreneurship platform.,candidate_evidence,65,https://www.acquira.com/,primary,public_web,,0
alza-capital-partners,Alza Capital Partners,Search/ETA,search fund investor,https://www.alzacapital.com/,76,candidate_evidence,claim-alza-capital-partners-001,classification,Alza Capital Partners is a candidate search fund investor.,candidate_evidence,65,https://www.alzacapital.com/,primary,public_web,,0
hunter-search-capital,Hunter Search Capital,Search/ETA,search fund investor,https://www.huntersearchcapital.com/,76,candidate_evidence,claim-hunter-search-capital-001,classification,Hunter Search Capital is a candidate search fund investor.,candidate_evidence,65,https://www.huntersearchcapital.com/,primary,public_web,,0
miramar-equity-partners,Miramar Equity Partners,Search/ETA,search fund investor,https://www.miramarequity.com/,76,candidate_evidence,claim-miramar-equity-partners-001,classification,Miramar Equity Partners is a candidate operator-led acquisition investor.,candidate_evidence,65,https://www.miramarequity.com/,primary,public_web,,0
bizbuysell,BizBuySell,Search/ETA,business marketplace,https://www.bizbuysell.com/,75,candidate_evidence,claim-bizbuysell-001,classification,BizBuySell is a candidate SMB acquisition marketplace.,candidate_evidence,65,https://www.bizbuysell.com/,primary,public_web,,0
bizquest,BizQuest,Search/ETA,business marketplace,https://www.bizquest.com/,72,candidate_evidence,claim-bizquest-001,classification,BizQuest is a candidate SMB acquisition marketplace.,candidate_evidence,65,https://www.bizquest.com/,primary,public_web,,0
capitalpad,CapitalPad,Search/ETA,investment platform,https://capitalpad.com/,72,candidate_evidence,claim-077fee90ed3d,search_eta_language,Source text for CapitalPad contains search eta language evidence.,verified_fact,82,https://capitalpad.com/,primary,public_web,"What reaches our investors has already cleared underwriting for profitability, operator quality, and deal economics.",0
capitalpad,CapitalPad,Search/ETA,investment platform,https://capitalpad.com/,72,candidate_evidence,claim-541d420421f9,smv_language,Source text for CapitalPad contains smv language evidence.,verified_fact,82,https://capitalpad.com/,primary,public_web,"Our members invest alongside us in lower middle market acquisitions of established, profitable businesses, one deal at a time.",0
capitalpad,CapitalPad,Search/ETA,investment platform,https://capitalpad.com/,72,candidate_evidence,claim-698810bd1a91,portfolio_capital_language,Source text for CapitalPad contains portfolio capital language evidence.,verified_fact,82,https://capitalpad.com/,primary,public_web,"Track Record A growing portfolio of historically profitable, non-cyclical businesses acquired by experienced operators across the lower middle market.",0
capitalpad,CapitalPad,Search/ETA,investment platform,https://capitalpad.com/,72,candidate_evidence,claim-b76e8f20060f,patient_capital_language,Source text for CapitalPad contains patient capital language evidence.,verified_fact,82,https://capitalpad.com/,primary,public_web,"We invest in acquisitions of historically profitable businesses in industries built on real demand, skilled labor, and long-term customer relationships, not technology trends.",0
capitalpad,CapitalPad,Search/ETA,investment platform,https://capitalpad.com/,72,candidate_evidence,claim-capitalpad-001,classification,CapitalPad is a candidate search fund/private investment platform.,candidate_evidence,65,https://capitalpad.com/,primary,public_web,,0
bpifrance,Bpifrance,Sovereign Capital,public investment bank,https://www.bpifrance.com/,82,candidate_evidence,claim-bpifrance-001,classification,Bpifrance is a candidate national innovation capital institution.,candidate_evidence,65,https://www.bpifrance.com/,primary,public_web,,0
eic-fund,EIC Fund,Sovereign Capital,EU innovation fund,https://eic.ec.europa.eu/eic-fund_en,82,candidate_evidence,claim-2297e58d1e47,patient_capital_language,Source text for EIC Fund contains patient capital language evidence.,verified_fact,82,https://eic.ec.europa.eu/eic-fund_en,primary,public_web,"Through patient capital and strategic co-investments, the EIC Fund empowers visionary entrepreneurs to bring breakthrough technologies to market, driving Europe’s competitiveness and innovation leadership.",0
eic-fund,EIC Fund,Sovereign Capital,EU innovation fund,https://eic.ec.europa.eu/eic-fund_en,82,candidate_evidence,claim-e2f306228c74,portfolio_capital_language,Source text for EIC Fund contains portfolio capital language evidence.,verified_fact,82,https://eic.ec.europa.eu/eic-fund_en,primary,public_web,From Series Seed to Series B (and beyond) We partner with visionary entrepreneurs and the wider ecosystem to scale Europe’s most ambitious startups About the EIC Fund Portfolio companies 300+ companies across 25 countries have received investment from the EIC Fund.,0
eic-fund,EIC Fund,Sovereign Capital,EU innovation fund,https://eic.ec.europa.eu/eic-fund_en,82,candidate_evidence,claim-eic-fund-001,classification,EIC Fund is a candidate sovereign/public innovation capital vehicle.,candidate_evidence,65,https://eic.ec.europa.eu/eic-fund_en,primary,public_web,,0
european-investment-fund,European Investment Fund,Sovereign Capital,public fund-of-funds,https://www.eif.org/,82,candidate_evidence,claim-european-investment-fund-001,classification,EIF is a candidate public capital institution for SMEs and venture funds.,candidate_evidence,65,https://www.eif.org/,primary,public_web,,0
nato-innovation-fund,NATO Innovation Fund,Sovereign Capital,multinational venture fund,https://www.nif.fund/,82,candidate_evidence,claim-nato-innovation-fund-001,classification,NATO Innovation Fund is a candidate strategic sovereign-linked innovation fund.,candidate_evidence,65,https://www.nif.fund/,primary,public_web,,0
in-q-tel,In-Q-Tel,Sovereign Capital,strategic venture investor,https://www.iqt.org/,80,candidate_evidence,claim-in-q-tel-001,classification,In-Q-Tel is a candidate strategic innovation capital entity.,candidate_evidence,65,https://www.iqt.org/,primary,public_web,,0
british-business-bank,British Business Bank,Sovereign Capital,public development bank,https://www.british-business-bank.co.uk/,78,candidate_evidence,claim-british-business-bank-001,classification,British Business Bank is a candidate public capital institution.,candidate_evidence,65,https://www.british-business-bank.co.uk/,primary,public_web,,0
israel-innovation-authority,Israel Innovation Authority,Sovereign Capital,public innovation agency,https://innovationisrael.org.il/en/,78,candidate_evidence,claim-6ac51d8c3a95,sovereign_language,Source text for Israel Innovation Authority contains sovereign language evidence.,verified_fact,82,https://innovationisrael.org.il/en/,primary,public_web,See Privacy Policy success failed Invest With Us High-Tech Tax Reforms Annual Investments Portfolio Invested Companies – Fast Track Co-Invest With Us Our Programs Calls for Proposals Collaborate With Us Global Collaborations Bi-National Funds Venture Incubators Manuf.,0
israel-innovation-authority,Israel Innovation Authority,Sovereign Capital,public innovation agency,https://innovationisrael.org.il/en/,78,candidate_evidence,claim-fc8066c36e8e,portfolio_capital_language,Source text for Israel Innovation Authority contains portfolio capital language evidence.,verified_fact,82,https://innovationisrael.org.il/en/,primary,public_web,See Privacy Policy success failed Invest With Us High-Tech Tax Reforms Annual Investments Portfolio Invested Companies – Fast Track Co-Invest With Us Our Programs Calls for Proposals Collaborate With Us Global Collaborations Bi-National Funds Venture Incubators Manuf.,0
israel-innovation-authority,Israel Innovation Authority,Sovereign Capital,public innovation agency,https://innovationisrael.org.il/en/,78,candidate_evidence,claim-israel-innovation-authority-001,classification,Israel Innovation Authority is a candidate public innovation capital institution.,candidate_evidence,65,https://innovationisrael.org.il/en/,primary,public_web,,0
kfw-capital,KfW Capital,Sovereign Capital,public fund investor,https://www.kfw-capital.de/,78,candidate_evidence,claim-kfw-capital-001,classification,KfW Capital is a candidate public-backed venture fund investor.,candidate_evidence,65,https://www.kfw-capital.de/,primary,public_web,,0
mubadala,Mubadala,Sovereign Capital,sovereign investor,https://www.mubadala.com/,78,candidate_evidence,claim-mubadala-001,classification,Mubadala is a candidate sovereign innovation capital allocator.,candidate_evidence,65,https://www.mubadala.com/,primary,public_web,,0
temasek,Temasek,Sovereign Capital,state-owned investment company,https://www.temasek.com.sg/,78,candidate_evidence,claim-temasek-001,classification,Temasek is a candidate sovereign-linked innovation capital allocator.,candidate_evidence,65,https://www.temasek.com.sg/,primary,public_web,,0
edbi,EDBI,Sovereign Capital,strategic investment arm,https://www.edbi.com/,76,candidate_evidence,claim-edbi-001,classification,EDBI is a candidate strategic innovation capital entity.,candidate_evidence,65,https://www.edbi.com/,primary,public_web,,0
gic,GIC,Sovereign Capital,sovereign wealth fund,https://www.gic.com.sg/,76,candidate_evidence,claim-gic-001,classification,GIC is a candidate sovereign capital allocator.,candidate_evidence,65,https://www.gic.com.sg/,primary,public_web,,0
innovate-uk,Innovate UK,Sovereign Capital,public innovation agency,https://www.ukri.org/councils/innovate-uk/,76,candidate_evidence,claim-innovate-uk-001,classification,Innovate UK is a candidate public innovation capital institution.,candidate_evidence,65,https://www.ukri.org/councils/innovate-uk/,primary,public_web,,0
public-investment-fund,Public Investment Fund,Sovereign Capital,sovereign wealth fund,https://www.pif.gov.sa/,76,candidate_evidence,claim-public-investment-fund-001,classification,PIF is a candidate sovereign capital allocator.,candidate_evidence,65,https://www.pif.gov.sa/,primary,public_web,,0
sginnovate,SGInnovate,Sovereign Capital,deep tech investor/ecosystem,https://www.sginnovate.com/,76,candidate_evidence,claim-sginnovate-001,classification,SGInnovate is a candidate sovereign-linked deep tech ecosystem investor.,candidate_evidence,65,https://www.sginnovate.com/,primary,public_web,,0
sanabil-investments,Sanabil Investments,Sovereign Capital,investment company,https://www.sanabil.com/,76,candidate_evidence,claim-sanabil-investments-001,classification,Sanabil is a candidate sovereign-backed innovation investor.,candidate_evidence,65,https://www.sanabil.com/,primary,public_web,,0
khazanah-nasional,Khazanah Nasional,Sovereign Capital,sovereign wealth fund,https://www.khazanah.com.my/,74,candidate_evidence,claim-khazanah-nasional-001,classification,Khazanah is a candidate sovereign capital allocator.,candidate_evidence,65,https://www.khazanah.com.my/,primary,public_web,,0
qatar-investment-authority,Qatar Investment Authority,Sovereign Capital,sovereign wealth fund,https://www.qia.qa/,74,candidate_evidence,claim-qatar-investment-authority-001,classification,QIA is a candidate sovereign capital allocator.,candidate_evidence,65,https://www.qia.qa/,primary,public_web,,0
